"Designator","Footprint","Mid X","Mid Y","Ref X","Ref Y","Pad X","Pad Y","Layer","Rotation","Comment"
""
"YO2","SMD_OSCCF250X320X90-4N","1314.961mil","3673.228mil","1314.961mil","3673.228mil","1354.331mil","3624.016mil","T","180.00","DB_VALUE"
"Y1","SMD_HC49_XTAL1140X480X420N","4145.669mil","3562.992mil","4145.669mil","3562.992mil","3962.598mil","3562.992mil","T","0.00","4.00MHz HC49/4HSMX"
"U9","SMD_SOIC127P620X160-8N","4149.606mil","2586.622mil","4149.606mil","2586.614mil","4039.37mil","2661.614mil","T","0.00","BD18KA5WF-E2"
"U8","SMD_TO229P991X239-4N_DPAK","4468.504mil","2043.307mil","4468.504mil","2007.874mil","4558.661mil","2171.26mil","T","270.00","MC78M05BDTRKG"
"U6","SMD_SOIC127P620X160-8N","4141.724mil","2059.055mil","4141.732mil","2059.055mil","4066.732mil","1948.819mil","T","90.00","BD33KA5WF-E2"
"U4","SMD_BGA900C80P30X30","2874.016mil","2559.055mil","2874.016mil","2559.055mil","3330.709mil","2102.362mil","T","180.00","DB_VALUE"
"U3","SMD_BGA900C80P30X30","1062.992mil","2559.055mil","1062.992mil","2559.055mil","1519.685mil","2102.362mil","T","180.00","DB_VALUE"
"U29","SMD_SOIC127P620X160-8N","4149.606mil","2870.087mil","4149.606mil","2870.079mil","4039.37mil","2945.079mil","T","0.00","BD00KA5WF-E2"
"U24","SMD_SON45P300X200X80-9N","944.882mil","6405.512mil","944.882mil","6405.512mil","887.795mil","6432.087mil","T","0.00","LTC4449EDCB#TRPBF"
"U23","SMD_SON45P300X200X80-9N","3685.039mil","523.622mil","3685.039mil","523.622mil","3742.126mil","497.047mil","T","180.00","LTC4449EDCB#TRPBF"
"U20","SMD_SON45P300X200X80-9N","1889.764mil","6405.512mil","1889.764mil","6405.512mil","1832.677mil","6432.087mil","T","0.00","LTC4449EDCB#TRPBF"
"U2","SMD_BGA900C80P30X30","1062.992mil","4370.079mil","1062.992mil","4370.079mil","606.299mil","4826.772mil","T","0.00","DB_VALUE"
"U19","SMD_SON45P300X200X80-9N","2740.157mil","523.622mil","2740.157mil","523.622mil","2797.244mil","497.047mil","T","180.00","LTC4449EDCB#TRPBF"
"U16","SMD_SON45P300X200X80-9N","2834.646mil","6405.512mil","2834.646mil","6405.512mil","2777.559mil","6432.087mil","T","0.00","LTC4449EDCB#TRPBF"
"U15","SMD_SON45P300X200X80-9N","1795.276mil","523.622mil","1795.276mil","523.622mil","1852.362mil","497.047mil","T","180.00","LTC4449EDCB#TRPBF"
"U13","SMD_BGA900C80P30X30","2874.016mil","4370.079mil","2874.016mil","4370.079mil","2417.323mil","4826.772mil","T","0.00","DB_VALUE"
"U12","SMD_SON45P300X200X80-9N","3779.528mil","6405.512mil","3779.528mil","6405.512mil","3722.441mil","6432.087mil","T","0.00","LTC4449EDCB#TRPBF"
"U11","SMD_SON45P300X200X80-9N","850.394mil","523.622mil","850.394mil","523.622mil","907.48mil","497.047mil","T","180.00","LTC4449EDCB#TRPBF"
"U10","SMD_QFP50P1200X1200X120-64N","4294.852mil","4064.169mil","4294.852mil","4064.169mil","4442.49mil","4290.547mil","T","270.00","dsPIC33EP256MU806"
"R6","SMD_0603_RESC1608X55N","3736.22mil","4318.898mil","3736.22mil","4318.898mil","3736.22mil","4350.394mil","T","270.00","10k"
"R42","SMD_0603_RESC1608X55N","3346.457mil","3173.228mil","3346.457mil","3173.228mil","3346.457mil","3204.724mil","T","270.00","0R"
"R41","SMD_0603_RESC1608X55N","1535.433mil","3173.228mil","1535.433mil","3173.228mil","1535.433mil","3204.724mil","T","270.00","0R"
"R40","SMD_0603_RESC1608X55N","2905.512mil","3157.48mil","2905.512mil","3157.48mil","2905.512mil","3188.976mil","T","270.00","0R"
"R39","SMD_0603_RESC1608X55N","1094.488mil","3157.48mil","1094.488mil","3157.48mil","1094.488mil","3188.976mil","T","270.00","0R"
"R38","SMD_0603_RESC1608X55N","606.299mil","3771.654mil","606.299mil","3771.654mil","606.299mil","3740.157mil","T","90.00","0R"
"R37","SMD_0603_RESC1608X55N","1031.496mil","3771.654mil","1031.496mil","3771.654mil","1031.496mil","3740.157mil","T","90.00","0R"
"R34","SMD_1206_RESC3216X65N","4220.472mil","2322.835mil","4220.472mil","2322.835mil","4279.528mil","2322.835mil","T","180.00","2R"
"R33","SMD_0603_RESC1608X55N","4220.472mil","2401.575mil","4220.472mil","2401.575mil","4188.976mil","2401.575mil","T","0.00","0R"
"R32","SMD_0603_RESC1608X55N","4157.48mil","3157.48mil","4157.48mil","3157.48mil","4157.48mil","3125.984mil","T","90.00","10k"
"R31","SMD_0603_RESC1608X55N","3838.583mil","4007.874mil","3838.583mil","4007.874mil","3807.087mil","4007.874mil","T","0.00","10k"
"R3","SMD_0603_RESC1608X55N","968.504mil","3259.843mil","968.504mil","3259.843mil","968.504mil","3291.339mil","T","270.00","0R"
"R28","SMD_0603_RESC1608X55N","3901.575mil","2917.323mil","3901.575mil","2917.323mil","3901.575mil","2885.827mil","T","90.00","10k"
"R27","SMD_0603_RESC1608X55N","3964.567mil","2917.323mil","3964.567mil","2917.323mil","3964.567mil","2948.819mil","T","270.00","2k"
"R26","SMD_0603_RESC1608X55N","3346.457mil","3673.228mil","3346.457mil","3673.228mil","3346.457mil","3641.732mil","T","90.00","10k"
"R25","SMD_0603_RESC1608X55N","2417.323mil","3771.654mil","2417.323mil","3771.654mil","2417.323mil","3740.157mil","T","90.00","0R"
"R2","SMD_0603_RESC1608X55N","1157.48mil","3637.795mil","1157.48mil","3637.795mil","1157.48mil","3669.291mil","T","270.00","0R"
"R19","SMD_0603_RESC1608X55N","2842.52mil","3771.654mil","2842.52mil","3771.654mil","2842.52mil","3740.157mil","T","90.00","0R"
"R15","SMD_1206_RESC3216X65N","4074.803mil","2350.394mil","4074.803mil","2350.394mil","4074.803mil","2409.449mil","T","270.00","0R"
"R13","SMD_1206_RESC3216X65N","4629.921mil","2370.079mil","4629.921mil","2370.079mil","4629.921mil","2311.024mil","T","90.00","100R"
"R1","SMD_0603_RESC1608X55N","2968.504mil","3637.795mil","2968.504mil","3637.795mil","2968.504mil","3669.291mil","T","270.00","0R"
"Q8","SMD_SOIC127P600X110-9AN","3547.244mil","6043.299mil","3547.244mil","6043.307mil","3657.48mil","5968.307mil","T","180.00","AP1RA03GMT-HF-3"
"Q7","SMD_SOIC127P600X110-9AN","3547.244mil","6263.771mil","3547.244mil","6263.779mil","3657.48mil","6188.779mil","T","180.00","AP1RA03GMT-HF-3"
"Q6","SMD_SOIC127P600X110-9AN","1082.677mil","885.835mil","1082.677mil","885.827mil","972.441mil","960.827mil","T","0.00","AP1RA03GMT-HF-3"
"Q5","SMD_SOIC127P600X110-9AN","1082.677mil","665.362mil","1082.677mil","665.354mil","972.441mil","740.354mil","T","0.00","AP1RA03GMT-HF-3"
"Q44","SMD_SOIC127P600X110-9AN","712.598mil","6043.299mil","712.598mil","6043.307mil","822.835mil","5968.307mil","T","180.00","AP1RA03GMT-HF-3"
"Q43","SMD_SOIC127P600X110-9AN","712.598mil","6263.771mil","712.598mil","6263.779mil","822.835mil","6188.779mil","T","180.00","AP1RA03GMT-HF-3"
"Q42","SMD_SOIC127P600X110-9AN","3917.323mil","885.835mil","3917.323mil","885.827mil","3807.087mil","960.827mil","T","0.00","AP1RA03GMT-HF-3"
"Q41","SMD_SOIC127P600X110-9AN","3917.323mil","665.362mil","3917.323mil","665.354mil","3807.087mil","740.354mil","T","0.00","AP1RA03GMT-HF-3"
"Q38","SMD_SOIC127P600X110-9AN","677.157mil","6523.622mil","677.165mil","6523.622mil","602.165mil","6413.386mil","T","90.00","AP1RA03GMT-HF-3"
"Q37","SMD_SOIC127P600X110-9AN","3952.764mil","405.512mil","3952.756mil","405.512mil","4027.756mil","515.748mil","T","270.00","AP1RA03GMT-HF-3"
"Q32","SMD_SOIC127P600X110-9AN","1657.48mil","6043.299mil","1657.48mil","6043.307mil","1767.716mil","5968.307mil","T","180.00","AP1RA03GMT-HF-3"
"Q31","SMD_SOIC127P600X110-9AN","1657.48mil","6263.771mil","1657.48mil","6263.779mil","1767.716mil","6188.779mil","T","180.00","AP1RA03GMT-HF-3"
"Q30","SMD_SOIC127P600X110-9AN","2972.441mil","885.835mil","2972.441mil","885.827mil","2862.205mil","960.827mil","T","0.00","AP1RA03GMT-HF-3"
"Q29","SMD_SOIC127P600X110-9AN","2972.441mil","665.362mil","2972.441mil","665.354mil","2862.205mil","740.354mil","T","0.00","AP1RA03GMT-HF-3"
"Q26","SMD_SOIC127P600X110-9AN","1622.039mil","6523.622mil","1622.047mil","6523.622mil","1547.047mil","6413.386mil","T","90.00","AP1RA03GMT-HF-3"
"Q25","SMD_SOIC127P600X110-9AN","3007.882mil","405.512mil","3007.874mil","405.512mil","3082.874mil","515.748mil","T","270.00","AP1RA03GMT-HF-3"
"Q20","SMD_SOIC127P600X110-9AN","2602.362mil","6043.299mil","2602.362mil","6043.307mil","2712.598mil","5968.307mil","T","180.00","AP1RA03GMT-HF-3"
"Q2","SMD_SOIC127P600X110-9AN","3511.803mil","6523.622mil","3511.811mil","6523.622mil","3436.811mil","6413.386mil","T","90.00","AP1RA03GMT-HF-3"
"Q19","SMD_SOIC127P600X110-9AN","2602.362mil","6263.771mil","2602.362mil","6263.779mil","2712.598mil","6188.779mil","T","180.00","AP1RA03GMT-HF-3"
"Q18","SMD_SOIC127P600X110-9AN","2027.559mil","885.835mil","2027.559mil","885.827mil","1917.323mil","960.827mil","T","0.00","AP1RA03GMT-HF-3"
"Q17","SMD_SOIC127P600X110-9AN","2027.559mil","665.362mil","2027.559mil","665.354mil","1917.323mil","740.354mil","T","0.00","AP1RA03GMT-HF-3"
"Q14","SMD_SOIC127P600X110-9AN","2566.921mil","6523.622mil","2566.929mil","6523.622mil","2491.929mil","6413.386mil","T","90.00","AP1RA03GMT-HF-3"
"Q13","SMD_SOIC127P600X110-9AN","2063mil","405.512mil","2062.992mil","405.512mil","2137.992mil","515.748mil","T","270.00","AP1RA03GMT-HF-3"
"Q1","SMD_SOIC127P600X110-9AN","1118.118mil","405.512mil","1118.11mil","405.512mil","1193.11mil","515.748mil","T","270.00","AP1RA03GMT-HF-3"
"L9","SMT_INDM135130X800N","2889.764mil","1346.457mil","2889.764mil","1346.457mil","3091.535mil","1346.457mil","T","180.00","DB_VALUE"
"L6","SMT_INDM135130X800N","2685.039mil","5582.677mil","2685.039mil","5582.677mil","2483.268mil","5582.677mil","T","0.00","DB_VALUE"
"L5","SMT_INDM135130X800N","1944.882mil","1346.457mil","1944.882mil","1346.457mil","2146.654mil","1346.457mil","T","180.00","DB_VALUE"
"L2","SMT_INDM135130X800N","3629.921mil","5582.677mil","3629.921mil","5582.677mil","3428.149mil","5582.677mil","T","0.00","DB_VALUE"
"L14","SMT_INDM135130X800N","795.276mil","5582.677mil","795.276mil","5582.677mil","593.504mil","5582.677mil","T","0.00","DB_VALUE"
"L13","SMT_INDM135130X800N","3834.646mil","1346.457mil","3834.646mil","1346.457mil","4036.417mil","1346.457mil","T","180.00","DB_VALUE"
"L10","SMT_INDM135130X800N","1740.158mil","5582.677mil","1740.158mil","5582.677mil","1538.386mil","5582.677mil","T","0.00","DB_VALUE"
"L1","SMT_INDM135130X800N","1000mil","1346.457mil","1000mil","1346.457mil","1201.772mil","1346.457mil","T","180.00","DB_VALUE"
"J9","PTH_MTG400_700","344.488mil","1840.551mil","344.488mil","1840.551mil","344.488mil","1840.551mil","T","0.00","PTH_MTG400_700"
"J6","PTH_CON_WR-MRC4-6P","4460.63mil","952.756mil","4460.63mil","952.756mil","4568.898mil","1118.11mil","T","270.00","WR-MPC4"
"J5","PTH_CON_WR-MRC4-6P","4460.63mil","5980.315mil","4460.63mil","5980.315mil","4568.898mil","6145.669mil","T","270.00","WR-MPC4"
"J3","PTH_CON_HD-351-3P","4562.992mil","2755.905mil","4562.992mil","2755.905mil","4562.992mil","2618.11mil","T","90.00","HD-351-3P"
"J24","PTH_MTG400_700","4527.559mil","6732.283mil","4527.559mil","6732.283mil","4527.559mil","6732.283mil","T","0.00","PTH_MTG400_700"
"J23","PTH_MTG400_700","196.85mil","6732.283mil","196.85mil","6732.283mil","196.85mil","6732.283mil","T","0.00","PTH_MTG400_700"
"J22","PTH_MTG400_700","4527.559mil","196.85mil","4527.559mil","196.85mil","4527.559mil","196.85mil","T","0.00","PTH_MTG400_700"
"J21","PTH_MTG400_700","196.85mil","196.85mil","196.85mil","196.85mil","196.85mil","196.85mil","T","0.00","PTH_MTG400_700"
"J20","PTH_MTG400_700","3592.52mil","5088.583mil","3592.52mil","5088.583mil","3592.52mil","5088.583mil","T","0.00","PTH_MTG400_700"
"J2","SMD_CON-CVILUX-CU04-SCM15B0","4527.559mil","3232.284mil","4519.685mil","3232.284mil","4417.323mil","3169.291mil","T","90.00","USB MINI"
"J19","PTH_MTG400_700","295.276mil","1397.638mil","295.276mil","1397.638mil","295.276mil","1397.638mil","T","0.00","PTH_MTG400_700"
"J18","PTH_MTG400_700","4429.134mil","5531.496mil","4429.134mil","5531.496mil","4429.134mil","5531.496mil","T","0.00","PTH_MTG400_700"
"J17","PTH_MTG400_700","3592.52mil","1840.551mil","3592.52mil","1840.551mil","3592.52mil","1840.551mil","T","0.00","PTH_MTG400_700"
"J16","PTH_MTG400_700","344.488mil","5088.583mil","344.488mil","5088.583mil","344.488mil","5088.583mil","T","0.00","PTH_MTG400_700"
"J15","PTH_MTG400_700","1968.504mil","3464.567mil","1968.504mil","3464.567mil","1968.504mil","3464.567mil","T","90.00","PTH_MTG400_700"
"J14","PTH_MTG400_700","295.276mil","5531.496mil","295.276mil","5531.496mil","295.276mil","5531.496mil","T","0.00","PTH_MTG400_700"
"J13","PTH_MTG400_700","4429.134mil","1397.638mil","4429.134mil","1397.638mil","4429.134mil","1397.638mil","T","0.00","PTH_MTG400_700"
"FID2","FID100X200","4299.213mil","6826.772mil","4299.213mil","6826.772mil","4299.213mil","6826.772mil","T","0.00","FIDUCIAL 100X200"
"FID1","FID100X200","4330.709mil","78.74mil","4330.709mil","78.74mil","4330.709mil","78.74mil","T","0.00","FIDUCIAL 100X200"
"D9","SMD_0805_LED2012X100N","2582.677mil","3594.488mil","2582.677mil","3594.488mil","2582.677mil","3553.15mil","T","90.00","17-21-Y2C-A0L1M2V0B-3T-AM"
"D8","SMD_DO214AC_SMA","4444.882mil","2440.945mil","4444.882mil","2440.945mil","4366.142mil","2440.945mil","T","0.00","SS14"
"D7","SMD_0805_LED2012X100N","2425.197mil","3594.488mil","2425.197mil","3594.488mil","2425.197mil","3553.15mil","T","90.00","KP-2012CGCK"
"D6","SMD_SOT457_SOT95P275X110-6N","4259.842mil","3185.039mil","4259.842mil","3185.039mil","4297.244mil","3230.315mil","T","270.00","SMS05T1G"
"D5","SMD_0805_LED2012X100N","2740.157mil","3594.488mil","2740.157mil","3594.488mil","2740.157mil","3553.15mil","T","90.00","KP-2012EC"
"D46","SMD_0805_LED2012X100N","3086.614mil","3334.646mil","3086.614mil","3334.646mil","3086.614mil","3375.984mil","T","270.00","KP-2012CGCK"
"D44","SMD_0805_LED2012X100N","3165.354mil","3334.646mil","3165.354mil","3334.646mil","3165.354mil","3375.984mil","T","270.00","17-21-Y2C-A0L1M2V0B-3T-AM"
"D42","SMD_0805_LED2012X100N","3322.835mil","3334.646mil","3322.835mil","3334.646mil","3322.835mil","3375.984mil","T","270.00","KP-2012CGCK"
"D40","SMD_0805_LED2012X100N","3007.874mil","3334.646mil","3007.874mil","3334.646mil","3007.874mil","3375.984mil","T","270.00","KP-2012EC"
"D4","SMD_0805_LED2012X100N","4586.614mil","3578.74mil","4586.614mil","3578.74mil","4627.953mil","3578.74mil","T","180.00","LED_ORANGE"
"D39","SMD_0805_LED2012X100N","1275.591mil","3334.646mil","1275.591mil","3334.646mil","1275.591mil","3375.984mil","T","270.00","KP-2012CGCK"
"D37","SMD_0805_LED2012X100N","1354.331mil","3334.646mil","1354.331mil","3334.646mil","1354.331mil","3375.984mil","T","270.00","17-21-Y2C-A0L1M2V0B-3T-AM"
"D35","SMD_0805_LED2012X100N","1511.811mil","3334.646mil","1511.811mil","3334.646mil","1511.811mil","3375.984mil","T","270.00","KP-2012CGCK"
"D33","SMD_0805_LED2012X100N","1196.85mil","3334.646mil","1196.85mil","3334.646mil","1196.85mil","3375.984mil","T","270.00","KP-2012EC"
"D32","SMD_DO214AC_SMC","232.283mil","6405.512mil","232.283mil","6405.512mil","98.425mil","6405.512mil","T","0.00","SMCJ12A"
"D31","SMD_0805_LED2012X100N","850.394mil","3594.488mil","850.394mil","3594.488mil","850.394mil","3553.15mil","T","90.00","KP-2012CGCK"
"D30","SMD_DO214AC_SMC","4488.189mil","527.559mil","4488.189mil","527.559mil","4622.047mil","527.559mil","T","180.00","SMCJ12A"
"D3","SMD_0805_LED2012X100N","4586.614mil","3500mil","4586.614mil","3500mil","4627.953mil","3500mil","T","180.00","LED_YELLOW"
"D28","SMD_DO214AC_SMC","4488.189mil","6405.512mil","4488.189mil","6405.512mil","4622.047mil","6405.512mil","T","180.00","SMCJ12A"
"D27","SMD_0805_LED2012X100N","771.654mil","3594.488mil","771.654mil","3594.488mil","771.654mil","3553.15mil","T","90.00","17-21-Y2C-A0L1M2V0B-3T-AM"
"D26","SMD_DO214AC_SMC","232.283mil","527.559mil","232.283mil","527.559mil","98.425mil","527.559mil","T","0.00","SMCJ12A"
"D24","SMD_0805_LED2012X100N","614.173mil","3594.488mil","614.173mil","3594.488mil","614.173mil","3553.15mil","T","90.00","KP-2012CGCK"
"D23","SMD_SOD523_SOD1608X65N","972.441mil","6492.126mil","972.441mil","6492.126mil","940.945mil","6492.126mil","T","0.00","1N4448HWT"
"D22","SMD_SOD523_SOD1608X65N","3657.48mil","437.008mil","3657.48mil","437.008mil","3688.976mil","437.008mil","T","180.00","1N4448HWT"
"D20","SMD_0805_LED2012X100N","929.134mil","3594.488mil","929.134mil","3594.488mil","929.134mil","3553.15mil","T","90.00","KP-2012EC"
"D2","SMD_0805_LED2012X100N","4586.614mil","3657.48mil","4586.614mil","3657.48mil","4627.953mil","3657.48mil","T","180.00","LED GREEN"
"D19","SMD_SOD523_SOD1608X65N","1917.323mil","6492.126mil","1917.323mil","6492.126mil","1885.827mil","6492.126mil","T","0.00","1N4448HWT"
"D18","SMD_SOD523_SOD1608X65N","2712.598mil","437.008mil","2712.598mil","437.008mil","2744.095mil","437.008mil","T","180.00","1N4448HWT"
"D17","SMD_0805_LED2012X100N","2661.417mil","3594.488mil","2661.417mil","3594.488mil","2661.417mil","3553.15mil","T","90.00","KP-2012CGCK"
"D15","SMD_SOD523_SOD1608X65N","2862.205mil","6492.126mil","2862.205mil","6492.126mil","2830.709mil","6492.126mil","T","0.00","1N4448HWT"
"D14","SMD_SOD523_SOD1608X65N","1767.716mil","437.008mil","1767.716mil","437.008mil","1799.213mil","437.008mil","T","180.00","1N4448HWT"
"D11","SMD_SOD523_SOD1608X65N","3807.087mil","6492.126mil","3807.087mil","6492.126mil","3775.59mil","6492.126mil","T","0.00","1N4448HWT"
"D10","SMD_SOD523_SOD1608X65N","822.835mil","437.008mil","822.835mil","437.008mil","854.331mil","437.008mil","T","180.00","1N4448HWT"
"D1","SMD_0805_LED2012X100N","4586.614mil","3736.22mil","4586.614mil","3736.22mil","4627.953mil","3736.22mil","T","180.00","LED RED"
"C999","SMD_0805_CAPC2012X145N","2086.614mil","1708.661mil","2086.614mil","1708.661mil","2086.614mil","1673.228mil","T","90.00","22uF"
"C997","SMD_0805_CAPC2012X145N","1929.134mil","1708.661mil","1929.134mil","1708.661mil","1929.134mil","1673.228mil","T","90.00","22uF"
"C996","SMD_0805_CAPC2012X145N","1850.394mil","1708.661mil","1850.394mil","1708.661mil","1850.394mil","1673.228mil","T","90.00","22uF"
"C994","SMD_0805_CAPC2012X145N","1692.913mil","1708.661mil","1692.913mil","1708.661mil","1692.913mil","1673.228mil","T","90.00","22uF"
"C993","SMD_0805_CAPC2012X145N","1771.653mil","1708.661mil","1771.653mil","1708.661mil","1771.653mil","1673.228mil","T","90.00","22uF"
"C991","SMD_0805_CAPC2012X145N","1535.433mil","1708.661mil","1535.433mil","1708.661mil","1535.433mil","1673.228mil","T","90.00","22uF"
"C990","SMD_0805_CAPC2012X145N","1614.173mil","1708.661mil","1614.173mil","1708.661mil","1614.173mil","1673.228mil","T","90.00","22uF"
"C988","SMD_0805_CAPC2012X145N","1456.693mil","1708.661mil","1456.693mil","1708.661mil","1456.693mil","1673.228mil","T","90.00","22uF"
"C987","SMD_0805_CAPC2012X145N","1377.953mil","1708.661mil","1377.953mil","1708.661mil","1377.953mil","1673.228mil","T","90.00","22uF"
"C985","SMD_0805_CAPC2012X145N","1220.472mil","1708.661mil","1220.472mil","1708.661mil","1220.472mil","1673.228mil","T","90.00","22uF"
"C984","SMD_0805_CAPC2012X145N","1299.213mil","1708.661mil","1299.213mil","1708.661mil","1299.213mil","1673.228mil","T","90.00","22uF"
"C982","SMD_0805_CAPC2012X145N","1062.992mil","1708.661mil","1062.992mil","1708.661mil","1062.992mil","1673.228mil","T","90.00","22uF"
"C981","SMD_0805_CAPC2012X145N","1141.732mil","1708.661mil","1141.732mil","1708.661mil","1141.732mil","1673.228mil","T","90.00","22uF"
"C979","SMD_0805_CAPC2012X145N","984.252mil","1708.661mil","984.252mil","1708.661mil","984.252mil","1673.228mil","T","90.00","22uF"
"C978","SMD_0805_CAPC2012X145N","905.512mil","1708.661mil","905.512mil","1708.661mil","905.512mil","1673.228mil","T","90.00","22uF"
"C976","SMD_0805_CAPC2012X145N","748.032mil","1708.661mil","748.032mil","1708.661mil","748.032mil","1673.228mil","T","90.00","22uF"
"C975","SMD_0805_CAPC2012X145N","1208.661mil","5496.063mil","1208.661mil","5496.063mil","1173.228mil","5496.063mil","T","0.00","22uF"
"C973","SMD_0805_CAPC2012X145N","1208.661mil","5417.323mil","1208.661mil","5417.323mil","1173.228mil","5417.323mil","T","0.00","22uF"
"C972","SMD_0805_CAPC2012X145N","2153.543mil","5496.063mil","2153.543mil","5496.063mil","2118.11mil","5496.063mil","T","0.00","22uF"
"C970","SMD_0805_CAPC2012X145N","2153.543mil","5417.323mil","2153.543mil","5417.323mil","2118.11mil","5417.323mil","T","0.00","22uF"
"C969","SMD_0805_CAPC2012X145N","3098.425mil","5496.063mil","3098.425mil","5496.063mil","3062.992mil","5496.063mil","T","0.00","22uF"
"C967","SMD_0805_CAPC2012X145N","3098.425mil","5417.323mil","3098.425mil","5417.323mil","3062.992mil","5417.323mil","T","0.00","22uF"
"C966","SMD_0805_CAPC2012X145N","4043.307mil","5496.063mil","4043.307mil","5496.063mil","4007.874mil","5496.063mil","T","0.00","22uF"
"C964","SMD_0805_CAPC2012X145N","4043.307mil","5417.323mil","4043.307mil","5417.323mil","4007.874mil","5417.323mil","T","0.00","22uF"
"C963","SMD_0805_CAPC2012X145N","3421.26mil","1433.071mil","3421.26mil","1433.071mil","3456.693mil","1433.071mil","T","180.00","22uF"
"C961","SMD_0805_CAPC2012X145N","3421.26mil","1511.811mil","3421.26mil","1511.811mil","3456.693mil","1511.811mil","T","180.00","22uF"
"C960","SMD_0805_CAPC2012X145N","2476.378mil","1433.071mil","2476.378mil","1433.071mil","2511.811mil","1433.071mil","T","180.00","22uF"
"C96","SMD_1210_CAPC3225X270N","2803.15mil","342.52mil","2803.15mil","342.52mil","2744.095mil","342.52mil","T","0.00","100uF"
"C958","SMD_0805_CAPC2012X145N","2476.378mil","1511.811mil","2476.378mil","1511.811mil","2511.811mil","1511.811mil","T","180.00","22uF"
"C957","SMD_0805_CAPC2012X145N","1531.496mil","1433.071mil","1531.496mil","1433.071mil","1566.929mil","1433.071mil","T","180.00","22uF"
"C955","SMD_0805_CAPC2012X145N","1531.496mil","1511.811mil","1531.496mil","1511.811mil","1566.929mil","1511.811mil","T","180.00","22uF"
"C954","SMD_0805_CAPC2012X145N","586.614mil","1433.071mil","586.614mil","1433.071mil","622.047mil","1433.071mil","T","180.00","22uF"
"C952","SMD_0805_CAPC2012X145N","586.614mil","1511.811mil","586.614mil","1511.811mil","622.047mil","1511.811mil","T","180.00","22uF"
"C951","SMD_0805_CAPC2012X145N","826.772mil","1708.661mil","826.772mil","1708.661mil","826.772mil","1673.228mil","T","90.00","22uF"
"C95","SMD_0805_CAPC2012X145N","1850.394mil","4370.079mil","1850.394mil","4370.079mil","1814.961mil","4370.079mil","T","0.00","22uF"
"C949","SMD_0805_CAPC2012X145N","3346.457mil","1708.661mil","3346.457mil","1708.661mil","3346.457mil","1673.228mil","T","90.00","22uF"
"C948","SMD_0805_CAPC2012X145N","3267.716mil","1708.661mil","3267.716mil","1708.661mil","3267.716mil","1673.228mil","T","90.00","22uF"
"C946","SMD_0805_CAPC2012X145N","669.291mil","1708.661mil","669.291mil","1708.661mil","669.291mil","1673.228mil","T","90.00","22uF"
"C945","SMD_0805_CAPC2012X145N","590.551mil","1708.661mil","590.551mil","1708.661mil","590.551mil","1673.228mil","T","90.00","22uF"
"C943","SMD_0805_CAPC2012X145N","3346.457mil","5220.472mil","3346.457mil","5220.472mil","3346.457mil","5255.905mil","T","270.00","22uF"
"C942","SMD_0805_CAPC2012X145N","3267.716mil","5220.472mil","3267.716mil","5220.472mil","3267.716mil","5255.905mil","T","270.00","22uF"
"C940","SMD_0805_CAPC2012X145N","669.291mil","5220.472mil","669.291mil","5220.472mil","669.291mil","5255.905mil","T","270.00","22uF"
"C94","SMD_0805_CAPC2012X145N","1850.394mil","4291.339mil","1850.394mil","4291.339mil","1814.961mil","4291.339mil","T","0.00","22uF"
"C939","SMD_0805_CAPC2012X145N","590.551mil","5220.472mil","590.551mil","5220.472mil","590.551mil","5255.905mil","T","270.00","22uF"
"C937","SMD_0805_CAPC2012X145N","295.276mil","2165.354mil","295.276mil","2165.354mil","259.842mil","2165.354mil","T","0.00","22uF"
"C936","SMD_0805_CAPC2012X145N","295.276mil","2086.614mil","295.276mil","2086.614mil","259.842mil","2086.614mil","T","0.00","22uF"
"C934","SMD_0805_CAPC2012X145N","295.276mil","2322.835mil","295.276mil","2322.835mil","259.842mil","2322.835mil","T","0.00","22uF"
"C933","SMD_0805_CAPC2012X145N","295.276mil","2244.095mil","295.276mil","2244.095mil","259.842mil","2244.095mil","T","0.00","22uF"
"C931","SMD_0805_CAPC2012X145N","3637.795mil","4212.598mil","3637.795mil","4212.598mil","3673.228mil","4212.598mil","T","180.00","22uF"
"C930","SMD_0805_CAPC2012X145N","3641.732mil","3582.677mil","3641.732mil","3582.677mil","3677.165mil","3582.677mil","T","180.00","22uF"
"C93","SMD_0603_CAPC1608X95N","1795.276mil","6492.126mil","1795.276mil","6492.126mil","1826.772mil","6492.126mil","T","180.00","220nF"
"C928","SMD_0805_CAPC2012X145N","3641.732mil","3503.937mil","3641.732mil","3503.937mil","3677.165mil","3503.937mil","T","180.00","22uF"
"C927","SMD_0805_CAPC2012X145N","295.276mil","4842.52mil","295.276mil","4842.52mil","259.842mil","4842.52mil","T","0.00","22uF"
"C925","SMD_0805_CAPC2012X145N","295.276mil","4763.779mil","295.276mil","4763.779mil","259.842mil","4763.779mil","T","0.00","22uF"
"C924","SMD_0805_CAPC2012X145N","295.276mil","4370.079mil","295.276mil","4370.079mil","259.842mil","4370.079mil","T","0.00","22uF"
"C922","SMD_0805_CAPC2012X145N","295.276mil","4291.339mil","295.276mil","4291.339mil","259.842mil","4291.339mil","T","0.00","22uF"
"C92","SMD_0603_CAPC1608X95N","2834.646mil","437.008mil","2834.646mil","437.008mil","2803.149mil","437.008mil","T","0.00","220nF"
"C919","SMD_0805_CAPC2012X145N","1976.378mil","6775.591mil","1976.378mil","6775.591mil","1976.378mil","6811.024mil","T","270.00","10uF"
"C918","SMD_0805_CAPC2012X145N","3078.74mil","6775.591mil","3078.74mil","6775.591mil","3078.74mil","6811.024mil","T","270.00","10uF"
"C916","SMD_0805_CAPC2012X145N","3866.142mil","6775.591mil","3866.142mil","6775.591mil","3866.142mil","6811.024mil","T","270.00","10uF"
"C915","SMD_0805_CAPC2012X145N","2653.543mil","153.543mil","2653.543mil","153.543mil","2653.543mil","118.11mil","T","90.00","10uF"
"C913","SMD_0805_CAPC2012X145N","1551.181mil","153.543mil","1551.181mil","153.543mil","1551.181mil","118.11mil","T","90.00","10uF"
"C91","SMD_0805_CAPC2012X145N","1850.394mil","4448.819mil","1850.394mil","4448.819mil","1814.961mil","4448.819mil","T","0.00","22uF"
"C90","SMD_0805_CAPC2012X145N","1850.394mil","4527.559mil","1850.394mil","4527.559mil","1814.961mil","4527.559mil","T","0.00","22uF"
"C9","SMD_0603_CAPC1608X95N","3838.583mil","3944.882mil","3838.583mil","3944.882mil","3870.079mil","3944.882mil","T","180.00","100nF"
"C89","SMD_0402_CAPC1005X55N","2019.685mil","6362.205mil","2019.685mil","6362.205mil","2019.685mil","6379.921mil","T","270.00","100nF"
"C882","SMD_0805_CAPC2012X145N","2055.118mil","6775.591mil","2055.118mil","6775.591mil","2055.118mil","6811.024mil","T","270.00","10uF"
"C880","SMD_0805_CAPC2012X145N","3157.48mil","6775.591mil","3157.48mil","6775.591mil","3157.48mil","6811.024mil","T","270.00","10uF"
"C88","SMD_0402_CAPC1005X55N","2610.236mil","566.929mil","2610.236mil","566.929mil","2610.236mil","549.213mil","T","90.00","100nF"
"C879","SMD_0805_CAPC2012X145N","3944.882mil","6775.591mil","3944.882mil","6775.591mil","3944.882mil","6811.024mil","T","270.00","10uF"
"C877","SMD_0805_CAPC2012X145N","763.779mil","153.543mil","763.779mil","153.543mil","763.779mil","118.11mil","T","90.00","10uF"
"C876","SMD_0805_CAPC2012X145N","2574.803mil","153.543mil","2574.803mil","153.543mil","2574.803mil","118.11mil","T","90.00","10uF"
"C87","SMD_0805_CAPC2012X145N","1850.394mil","4606.299mil","1850.394mil","4606.299mil","1814.961mil","4606.299mil","T","0.00","22uF"
"C868","SMD_0805_CAPC2012X145N","1472.441mil","153.543mil","1472.441mil","153.543mil","1472.441mil","118.11mil","T","90.00","10uF"
"C861","SMD_0805_CAPC2012X145N","295.276mil","4448.819mil","295.276mil","4448.819mil","259.842mil","4448.819mil","T","0.00","22uF"
"C86","SMD_0805_CAPC2012X145N","1850.394mil","4685.039mil","1850.394mil","4685.039mil","1814.961mil","4685.039mil","T","0.00","22uF"
"C859","SMD_0805_CAPC2012X145N","295.276mil","4527.559mil","295.276mil","4527.559mil","259.842mil","4527.559mil","T","0.00","22uF"
"C858","SMD_0805_CAPC2012X145N","295.276mil","4685.039mil","295.276mil","4685.039mil","259.842mil","4685.039mil","T","0.00","22uF"
"C856","SMD_0805_CAPC2012X145N","295.276mil","4606.299mil","295.276mil","4606.299mil","259.842mil","4606.299mil","T","0.00","22uF"
"C855","SMD_0805_CAPC2012X145N","1208.661mil","5653.543mil","1208.661mil","5653.543mil","1173.228mil","5653.543mil","T","0.00","22uF"
"C853","SMD_0805_CAPC2012X145N","1208.661mil","5574.803mil","1208.661mil","5574.803mil","1173.228mil","5574.803mil","T","0.00","22uF"
"C852","SMD_0805_CAPC2012X145N","2153.543mil","5653.543mil","2153.543mil","5653.543mil","2118.11mil","5653.543mil","T","0.00","22uF"
"C850","SMD_0805_CAPC2012X145N","2153.543mil","5574.803mil","2153.543mil","5574.803mil","2118.11mil","5574.803mil","T","0.00","22uF"
"C85","SMD_0603_CAPC1608X95N","2019.685mil","6460.63mil","2019.685mil","6460.63mil","2019.685mil","6492.126mil","T","270.00","10uF"
"C849","SMD_0805_CAPC2012X145N","3098.425mil","5653.543mil","3098.425mil","5653.543mil","3062.992mil","5653.543mil","T","0.00","22uF"
"C847","SMD_0805_CAPC2012X145N","3098.425mil","5574.803mil","3098.425mil","5574.803mil","3062.992mil","5574.803mil","T","0.00","22uF"
"C846","SMD_0805_CAPC2012X145N","4043.307mil","5653.543mil","4043.307mil","5653.543mil","4007.874mil","5653.543mil","T","0.00","22uF"
"C844","SMD_0805_CAPC2012X145N","4043.307mil","5574.803mil","4043.307mil","5574.803mil","4007.874mil","5574.803mil","T","0.00","22uF"
"C843","SMD_0805_CAPC2012X145N","3421.26mil","1275.591mil","3421.26mil","1275.591mil","3456.693mil","1275.591mil","T","180.00","22uF"
"C841","SMD_0805_CAPC2012X145N","3421.26mil","1354.331mil","3421.26mil","1354.331mil","3456.693mil","1354.331mil","T","180.00","22uF"
"C840","SMD_0805_CAPC2012X145N","2476.378mil","1275.591mil","2476.378mil","1275.591mil","2511.811mil","1275.591mil","T","180.00","22uF"
"C84","SMD_0603_CAPC1608X95N","2610.236mil","468.504mil","2610.236mil","468.504mil","2610.236mil","437.008mil","T","90.00","10uF"
"C838","SMD_0805_CAPC2012X145N","2476.378mil","1354.331mil","2476.378mil","1354.331mil","2511.811mil","1354.331mil","T","180.00","22uF"
"C837","SMD_0805_CAPC2012X145N","1531.496mil","1275.591mil","1531.496mil","1275.591mil","1566.929mil","1275.591mil","T","180.00","22uF"
"C835","SMD_0805_CAPC2012X145N","1531.496mil","1354.331mil","1531.496mil","1354.331mil","1566.929mil","1354.331mil","T","180.00","22uF"
"C834","SMD_0805_CAPC2012X145N","586.614mil","1275.591mil","586.614mil","1275.591mil","622.047mil","1275.591mil","T","180.00","22uF"
"C832","SMD_0805_CAPC2012X145N","586.614mil","1354.331mil","586.614mil","1354.331mil","622.047mil","1354.331mil","T","180.00","22uF"
"C83","SMD_0805_CAPC2012X145N","3641.732mil","3110.236mil","3641.732mil","3110.236mil","3606.299mil","3110.236mil","T","0.00","22uF"
"C82","SMD_0805_CAPC2012X145N","3641.732mil","3031.496mil","3641.732mil","3031.496mil","3606.299mil","3031.496mil","T","0.00","22uF"
"C814","SMD_0805_CAPC2012X145N","2921.26mil","6775.591mil","2921.26mil","6775.591mil","2921.26mil","6811.024mil","T","270.00","10uF"
"C813","SMD_0805_CAPC2012X145N","685.039mil","153.543mil","685.039mil","153.543mil","685.039mil","118.11mil","T","90.00","10uF"
"C811","SMD_0805_CAPC2012X145N","4023.622mil","6775.591mil","4023.622mil","6775.591mil","4023.622mil","6811.024mil","T","270.00","10uF"
"C810","SMD_0805_CAPC2012X145N","1708.661mil","153.543mil","1708.661mil","153.543mil","1708.661mil","118.11mil","T","90.00","10uF"
"C81","SMD_0805_CAPC2012X145N","3641.732mil","3188.976mil","3641.732mil","3188.976mil","3606.299mil","3188.976mil","T","0.00","22uF"
"C808","SMD_0805_CAPC2012X145N","606.299mil","153.543mil","606.299mil","153.543mil","606.299mil","118.11mil","T","90.00","10uF"
"C807","SMD_0805_CAPC2012X145N","2417.323mil","153.543mil","2417.323mil","153.543mil","2417.323mil","118.11mil","T","90.00","10uF"
"C80","SMD_0805_CAPC2012X145N","3641.732mil","3267.716mil","3641.732mil","3267.716mil","3606.299mil","3267.716mil","T","0.00","22uF"
"C8","SMD_0603_CAPC1608X95N","4267.717mil","4417.323mil","4267.717mil","4417.323mil","4267.717mil","4385.827mil","T","90.00","100nF"
"C79","SMD_0805_CAPC2012X145N","3641.732mil","3346.457mil","3641.732mil","3346.457mil","3606.299mil","3346.457mil","T","0.00","22uF"
"C78","SMD_0805_CAPC2012X145N","3641.732mil","3425.197mil","3641.732mil","3425.197mil","3606.299mil","3425.197mil","T","0.00","22uF"
"C771","SMD_0805_CAPC2012X145N","295.276mil","3897.638mil","295.276mil","3897.638mil","259.842mil","3897.638mil","T","0.00","22uF"
"C77","SMD_0805_CAPC2012X145N","3641.732mil","2637.795mil","3641.732mil","2637.795mil","3606.299mil","2637.795mil","T","0.00","22uF"
"C769","SMD_0805_CAPC2012X145N","295.276mil","3818.898mil","295.276mil","3818.898mil","259.842mil","3818.898mil","T","0.00","22uF"
"C768","SMD_0805_CAPC2012X145N","295.276mil","3976.378mil","295.276mil","3976.378mil","259.842mil","3976.378mil","T","0.00","22uF"
"C766","SMD_0805_CAPC2012X145N","295.276mil","4055.118mil","295.276mil","4055.118mil","259.842mil","4055.118mil","T","0.00","22uF"
"C765","SMD_0805_CAPC2012X145N","295.276mil","4212.598mil","295.276mil","4212.598mil","259.842mil","4212.598mil","T","0.00","22uF"
"C763","SMD_0805_CAPC2012X145N","295.276mil","4133.858mil","295.276mil","4133.858mil","259.842mil","4133.858mil","T","0.00","22uF"
"C762","SMD_0805_CAPC2012X145N","295.276mil","3425.197mil","295.276mil","3425.197mil","259.842mil","3425.197mil","T","0.00","22uF"
"C760","SMD_0805_CAPC2012X145N","295.276mil","3346.457mil","295.276mil","3346.457mil","259.842mil","3346.457mil","T","0.00","22uF"
"C76","SMD_0805_CAPC2012X145N","3641.732mil","2559.055mil","3641.732mil","2559.055mil","3606.299mil","2559.055mil","T","0.00","22uF"
"C759","SMD_0805_CAPC2012X145N","295.276mil","3503.937mil","295.276mil","3503.937mil","259.842mil","3503.937mil","T","0.00","22uF"
"C757","SMD_0805_CAPC2012X145N","295.276mil","3582.677mil","295.276mil","3582.677mil","259.842mil","3582.677mil","T","0.00","22uF"
"C756","SMD_0805_CAPC2012X145N","295.276mil","3740.157mil","295.276mil","3740.157mil","259.842mil","3740.157mil","T","0.00","22uF"
"C754","SMD_0805_CAPC2012X145N","295.276mil","3661.417mil","295.276mil","3661.417mil","259.842mil","3661.417mil","T","0.00","22uF"
"C753","SMD_0805_CAPC2012X145N","295.276mil","2952.756mil","295.276mil","2952.756mil","259.842mil","2952.756mil","T","0.00","22uF"
"C751","SMD_0805_CAPC2012X145N","295.276mil","2874.016mil","295.276mil","2874.016mil","259.842mil","2874.016mil","T","0.00","22uF"
"C750","SMD_0805_CAPC2012X145N","295.276mil","3031.496mil","295.276mil","3031.496mil","259.842mil","3031.496mil","T","0.00","22uF"
"C75","SMD_0805_CAPC2012X145N","3641.732mil","2716.535mil","3641.732mil","2716.535mil","3606.299mil","2716.535mil","T","0.00","22uF"
"C748","SMD_0805_CAPC2012X145N","295.276mil","3110.236mil","295.276mil","3110.236mil","259.842mil","3110.236mil","T","0.00","22uF"
"C747","SMD_0805_CAPC2012X145N","295.276mil","3267.716mil","295.276mil","3267.716mil","259.842mil","3267.716mil","T","0.00","22uF"
"C745","SMD_0805_CAPC2012X145N","295.276mil","3188.976mil","295.276mil","3188.976mil","259.842mil","3188.976mil","T","0.00","22uF"
"C744","SMD_0805_CAPC2012X145N","295.276mil","2480.315mil","295.276mil","2480.315mil","259.842mil","2480.315mil","T","0.00","22uF"
"C742","SMD_0805_CAPC2012X145N","295.276mil","2401.575mil","295.276mil","2401.575mil","259.842mil","2401.575mil","T","0.00","22uF"
"C74","SMD_0805_CAPC2012X145N","3641.732mil","2795.276mil","3641.732mil","2795.276mil","3606.299mil","2795.276mil","T","0.00","22uF"
"C717","SMD_0805_CAPC2012X145N","2496.063mil","153.543mil","2496.063mil","153.543mil","2496.063mil","118.11mil","T","90.00","10uF"
"C715","SMD_0805_CAPC2012X145N","3440.945mil","153.543mil","3440.945mil","153.543mil","3440.945mil","118.11mil","T","90.00","10uF"
"C714","SMD_0805_CAPC2012X145N","2212.598mil","6775.591mil","2212.598mil","6775.591mil","2212.598mil","6811.024mil","T","270.00","10uF"
"C712","SMD_0805_CAPC2012X145N","2133.858mil","6775.591mil","2133.858mil","6775.591mil","2133.858mil","6811.024mil","T","270.00","10uF"
"C711","SMD_0805_CAPC2012X145N","1188.976mil","6775.591mil","1188.976mil","6775.591mil","1188.976mil","6811.024mil","T","270.00","10uF"
"C7","SMD_0603_CAPC1608X95N","3937.008mil","4066.929mil","3937.008mil","4066.929mil","3937.008mil","4035.433mil","T","90.00","100nF"
"C69","SMD_1210_CAPC3225X270N","2771.653mil","6586.614mil","2771.653mil","6586.614mil","2830.709mil","6586.614mil","T","180.00","100uF"
"C688","SMD_0805_CAPC2012X145N","3598.425mil","153.543mil","3598.425mil","153.543mil","3598.425mil","118.11mil","T","90.00","10uF"
"C681","SMD_0805_CAPC2012X145N","295.276mil","2559.055mil","295.276mil","2559.055mil","259.842mil","2559.055mil","T","0.00","22uF"
"C679","SMD_0805_CAPC2012X145N","295.276mil","2637.795mil","295.276mil","2637.795mil","259.842mil","2637.795mil","T","0.00","22uF"
"C678","SMD_0805_CAPC2012X145N","295.276mil","2795.276mil","295.276mil","2795.276mil","259.842mil","2795.276mil","T","0.00","22uF"
"C676","SMD_0805_CAPC2012X145N","295.276mil","2716.535mil","295.276mil","2716.535mil","259.842mil","2716.535mil","T","0.00","22uF"
"C675","SMD_0805_CAPC2012X145N","1208.661mil","5811.024mil","1208.661mil","5811.024mil","1173.228mil","5811.024mil","T","0.00","22uF"
"C673","SMD_0805_CAPC2012X145N","1208.661mil","5732.283mil","1208.661mil","5732.283mil","1173.228mil","5732.283mil","T","0.00","22uF"
"C672","SMD_0805_CAPC2012X145N","2153.543mil","5811.024mil","2153.543mil","5811.024mil","2118.11mil","5811.024mil","T","0.00","22uF"
"C670","SMD_0805_CAPC2012X145N","2153.543mil","5732.283mil","2153.543mil","5732.283mil","2118.11mil","5732.283mil","T","0.00","22uF"
"C669","SMD_0805_CAPC2012X145N","3098.425mil","5811.024mil","3098.425mil","5811.024mil","3062.992mil","5811.024mil","T","0.00","22uF"
"C667","SMD_0805_CAPC2012X145N","3098.425mil","5732.283mil","3098.425mil","5732.283mil","3062.992mil","5732.283mil","T","0.00","22uF"
"C666","SMD_0805_CAPC2012X145N","4043.307mil","5811.024mil","4043.307mil","5811.024mil","4007.874mil","5811.024mil","T","0.00","22uF"
"C664","SMD_0805_CAPC2012X145N","4043.307mil","5732.283mil","4043.307mil","5732.283mil","4007.874mil","5732.283mil","T","0.00","22uF"
"C663","SMD_0805_CAPC2012X145N","3421.26mil","1118.11mil","3421.26mil","1118.11mil","3456.693mil","1118.11mil","T","180.00","22uF"
"C661","SMD_0805_CAPC2012X145N","3421.26mil","1196.85mil","3421.26mil","1196.85mil","3456.693mil","1196.85mil","T","180.00","22uF"
"C660","SMD_0805_CAPC2012X145N","2476.378mil","1118.11mil","2476.378mil","1118.11mil","2511.811mil","1118.11mil","T","180.00","22uF"
"C658","SMD_0805_CAPC2012X145N","2476.378mil","1196.85mil","2476.378mil","1196.85mil","2511.811mil","1196.85mil","T","180.00","22uF"
"C657","SMD_0805_CAPC2012X145N","1531.496mil","1118.11mil","1531.496mil","1118.11mil","1566.929mil","1118.11mil","T","180.00","22uF"
"C655","SMD_0805_CAPC2012X145N","1531.496mil","1196.85mil","1531.496mil","1196.85mil","1566.929mil","1196.85mil","T","180.00","22uF"
"C654","SMD_0805_CAPC2012X145N","586.614mil","1118.11mil","586.614mil","1118.11mil","622.047mil","1118.11mil","T","180.00","22uF"
"C652","SMD_0805_CAPC2012X145N","586.614mil","1196.85mil","586.614mil","1196.85mil","622.047mil","1196.85mil","T","180.00","22uF"
"C646","SMD_0805_CAPC2012X145N","3519.685mil","153.543mil","3519.685mil","153.543mil","3519.685mil","118.11mil","T","90.00","10uF"
"C645","SMD_0805_CAPC2012X145N","3362.205mil","153.543mil","3362.205mil","153.543mil","3362.205mil","118.11mil","T","90.00","10uF"
"C643","SMD_0805_CAPC2012X145N","1031.496mil","6775.591mil","1031.496mil","6775.591mil","1031.496mil","6811.024mil","T","270.00","10uF"
"C642","SMD_0805_CAPC2012X145N","1110.236mil","6775.591mil","1110.236mil","6775.591mil","1110.236mil","6811.024mil","T","270.00","10uF"
"C640","SMD_0805_CAPC2012X145N","1267.716mil","6775.591mil","1267.716mil","6775.591mil","1267.716mil","6811.024mil","T","270.00","10uF"
"C64","SMD_1210_CAPC3225X270N","1858.268mil","342.52mil","1858.268mil","342.52mil","1799.213mil","342.52mil","T","0.00","100uF"
"C63","SMD_0805_CAPC2012X145N","3641.732mil","2874.016mil","3641.732mil","2874.016mil","3606.299mil","2874.016mil","T","0.00","22uF"
"C62","SMD_0805_CAPC2012X145N","3641.732mil","2952.756mil","3641.732mil","2952.756mil","3606.299mil","2952.756mil","T","0.00","22uF"
"C616","SMD_0603_CAPC1608X95N","3283.465mil","3173.228mil","3283.465mil","3173.228mil","3283.465mil","3204.724mil","T","270.00","100nF"
"C61","SMD_0603_CAPC1608X95N","2740.157mil","6492.126mil","2740.157mil","6492.126mil","2771.654mil","6492.126mil","T","180.00","220nF"
"C608","SMD_0603_CAPC1608X95N","3838.583mil","3881.89mil","3838.583mil","3881.89mil","3870.079mil","3881.89mil","T","180.00","100nF"
"C606","SMD_0805_CAPC2012X145N","3000mil","6775.591mil","3000mil","6775.591mil","3000mil","6811.024mil","T","270.00","10uF"
"C603","SMD_0805_CAPC2012X145N","1629.921mil","153.543mil","1629.921mil","153.543mil","1629.921mil","118.11mil","T","90.00","10uF"
"C601","SMD_0603_CAPC1608X95N","2405.512mil","3122.047mil","2405.512mil","3122.047mil","2437.008mil","3122.047mil","T","180.00","100nF"
"C600","SMD_0805_CAPC2012X145N","527.559mil","153.543mil","527.559mil","153.543mil","527.559mil","118.11mil","T","90.00","10uF"
"C60","SMD_0603_CAPC1608X95N","1889.764mil","437.008mil","1889.764mil","437.008mil","1858.268mil","437.008mil","T","0.00","220nF"
"C6","SMD_0603_CAPC1608X95N","4161.417mil","3763.78mil","4161.417mil","3763.78mil","4192.913mil","3763.78mil","T","180.00","100nF"
"C598","SMD_0805_CAPC2012X145N","4102.362mil","6775.591mil","4102.362mil","6775.591mil","4102.362mil","6811.024mil","T","270.00","10uF"
"C597","SMD_0603_CAPC1608X95N","594.488mil","3122.047mil","594.488mil","3122.047mil","625.984mil","3122.047mil","T","180.00","100nF"
"C595","SMD_0603_CAPC1608X95N","1531.496mil","3807.087mil","1531.496mil","3807.087mil","1500mil","3807.087mil","T","0.00","100nF"
"C594","SMD_0603_CAPC1608X95N","3342.52mil","3807.087mil","3342.52mil","3807.087mil","3311.024mil","3807.087mil","T","0.00","100nF"
"C592","SMD_0805_CAPC2012X145N","4507.874mil","2314.961mil","4507.874mil","2314.961mil","4543.307mil","2314.961mil","T","180.00","10uF"
"C57","SMD_0402_CAPC1005X55N","2964.567mil","6362.205mil","2964.567mil","6362.205mil","2964.567mil","6379.921mil","T","270.00","100nF"
"C56","SMD_0402_CAPC1005X55N","1665.354mil","566.929mil","1665.354mil","566.929mil","1665.354mil","549.213mil","T","90.00","100nF"
"C53","SMD_0603_CAPC1608X95N","2964.567mil","6460.63mil","2964.567mil","6460.63mil","2964.567mil","6492.126mil","T","270.00","10uF"
"C52","SMD_0603_CAPC1608X95N","1665.354mil","468.504mil","1665.354mil","468.504mil","1665.354mil","437.008mil","T","90.00","10uF"
"C5","SMD_0603_CAPC1608X95N","4338.583mil","4417.323mil","4338.583mil","4417.323mil","4338.583mil","4385.827mil","T","90.00","100nF"
"C491","SMD_0805_CAPC2012X145N","1003.937mil","6204.724mil","1003.937mil","6204.724mil","1039.37mil","6204.724mil","T","180.00","22uF"
"C490","SMD_0805_CAPC2012X145N","1003.937mil","6283.465mil","1003.937mil","6283.465mil","1039.37mil","6283.465mil","T","180.00","22uF"
"C489","SMD_0805_CAPC2012X145N","1003.937mil","6125.984mil","1003.937mil","6125.984mil","1039.37mil","6125.984mil","T","180.00","22uF"
"C488","SMD_0805_CAPC2012X145N","1003.937mil","6047.244mil","1003.937mil","6047.244mil","1039.37mil","6047.244mil","T","180.00","22uF"
"C487","SMD_0805_CAPC2012X145N","1003.937mil","5968.504mil","1003.937mil","5968.504mil","1039.37mil","5968.504mil","T","180.00","22uF"
"C486","SMD_0805_CAPC2012X145N","1003.937mil","5889.764mil","1003.937mil","5889.764mil","1039.37mil","5889.764mil","T","180.00","22uF"
"C485","SMD_0805_CAPC2012X145N","1208.661mil","6204.724mil","1208.661mil","6204.724mil","1173.228mil","6204.724mil","T","0.00","22uF"
"C484","SMD_0805_CAPC2012X145N","1208.661mil","6283.465mil","1208.661mil","6283.465mil","1173.228mil","6283.465mil","T","0.00","22uF"
"C483","SMD_0805_CAPC2012X145N","1208.661mil","6047.244mil","1208.661mil","6047.244mil","1173.228mil","6047.244mil","T","0.00","22uF"
"C482","SMD_0805_CAPC2012X145N","1208.661mil","6125.984mil","1208.661mil","6125.984mil","1173.228mil","6125.984mil","T","0.00","22uF"
"C481","SMD_0805_CAPC2012X145N","1208.661mil","5968.504mil","1208.661mil","5968.504mil","1173.228mil","5968.504mil","T","0.00","22uF"
"C480","SMD_0805_CAPC2012X145N","1208.661mil","5889.764mil","1208.661mil","5889.764mil","1173.228mil","5889.764mil","T","0.00","22uF"
"C479","SMD_0805_CAPC2012X145N","1948.819mil","6204.724mil","1948.819mil","6204.724mil","1984.252mil","6204.724mil","T","180.00","22uF"
"C478","SMD_0805_CAPC2012X145N","1948.819mil","6283.465mil","1948.819mil","6283.465mil","1984.252mil","6283.465mil","T","180.00","22uF"
"C477","SMD_0805_CAPC2012X145N","1948.819mil","6125.984mil","1948.819mil","6125.984mil","1984.252mil","6125.984mil","T","180.00","22uF"
"C476","SMD_0805_CAPC2012X145N","1948.819mil","6047.244mil","1948.819mil","6047.244mil","1984.252mil","6047.244mil","T","180.00","22uF"
"C475","SMD_0805_CAPC2012X145N","1948.819mil","5968.504mil","1948.819mil","5968.504mil","1984.252mil","5968.504mil","T","180.00","22uF"
"C474","SMD_0805_CAPC2012X145N","1948.819mil","5889.764mil","1948.819mil","5889.764mil","1984.252mil","5889.764mil","T","180.00","22uF"
"C473","SMD_0805_CAPC2012X145N","2153.543mil","6204.724mil","2153.543mil","6204.724mil","2118.11mil","6204.724mil","T","0.00","22uF"
"C472","SMD_0805_CAPC2012X145N","2153.543mil","6283.465mil","2153.543mil","6283.465mil","2118.11mil","6283.465mil","T","0.00","22uF"
"C471","SMD_0805_CAPC2012X145N","2153.543mil","6047.244mil","2153.543mil","6047.244mil","2118.11mil","6047.244mil","T","0.00","22uF"
"C470","SMD_0805_CAPC2012X145N","2153.543mil","6125.984mil","2153.543mil","6125.984mil","2118.11mil","6125.984mil","T","0.00","22uF"
"C469","SMD_0805_CAPC2012X145N","2153.543mil","5968.504mil","2153.543mil","5968.504mil","2118.11mil","5968.504mil","T","0.00","22uF"
"C468","SMD_0805_CAPC2012X145N","2153.543mil","5889.764mil","2153.543mil","5889.764mil","2118.11mil","5889.764mil","T","0.00","22uF"
"C467","SMD_0805_CAPC2012X145N","2893.701mil","6204.724mil","2893.701mil","6204.724mil","2929.134mil","6204.724mil","T","180.00","22uF"
"C466","SMD_0805_CAPC2012X145N","2893.701mil","6283.465mil","2893.701mil","6283.465mil","2929.134mil","6283.465mil","T","180.00","22uF"
"C465","SMD_0805_CAPC2012X145N","2893.701mil","6125.984mil","2893.701mil","6125.984mil","2929.134mil","6125.984mil","T","180.00","22uF"
"C464","SMD_0805_CAPC2012X145N","2893.701mil","6047.244mil","2893.701mil","6047.244mil","2929.134mil","6047.244mil","T","180.00","22uF"
"C463","SMD_0805_CAPC2012X145N","2893.701mil","5968.504mil","2893.701mil","5968.504mil","2929.134mil","5968.504mil","T","180.00","22uF"
"C462","SMD_0805_CAPC2012X145N","2893.701mil","5889.764mil","2893.701mil","5889.764mil","2929.134mil","5889.764mil","T","180.00","22uF"
"C461","SMD_0805_CAPC2012X145N","3098.425mil","6204.724mil","3098.425mil","6204.724mil","3062.992mil","6204.724mil","T","0.00","22uF"
"C460","SMD_0805_CAPC2012X145N","3098.425mil","6283.465mil","3098.425mil","6283.465mil","3062.992mil","6283.465mil","T","0.00","22uF"
"C459","SMD_0805_CAPC2012X145N","3098.425mil","6047.244mil","3098.425mil","6047.244mil","3062.992mil","6047.244mil","T","0.00","22uF"
"C458","SMD_0805_CAPC2012X145N","3098.425mil","6125.984mil","3098.425mil","6125.984mil","3062.992mil","6125.984mil","T","0.00","22uF"
"C457","SMD_0805_CAPC2012X145N","3098.425mil","5968.504mil","3098.425mil","5968.504mil","3062.992mil","5968.504mil","T","0.00","22uF"
"C456","SMD_0805_CAPC2012X145N","3098.425mil","5889.764mil","3098.425mil","5889.764mil","3062.992mil","5889.764mil","T","0.00","22uF"
"C455","SMD_0805_CAPC2012X145N","3838.583mil","6204.724mil","3838.583mil","6204.724mil","3874.016mil","6204.724mil","T","180.00","22uF"
"C454","SMD_0805_CAPC2012X145N","3838.583mil","6283.465mil","3838.583mil","6283.465mil","3874.016mil","6283.465mil","T","180.00","22uF"
"C453","SMD_0805_CAPC2012X145N","3838.583mil","6125.984mil","3838.583mil","6125.984mil","3874.016mil","6125.984mil","T","180.00","22uF"
"C452","SMD_0805_CAPC2012X145N","3838.583mil","6047.244mil","3838.583mil","6047.244mil","3874.016mil","6047.244mil","T","180.00","22uF"
"C451","SMD_0805_CAPC2012X145N","3838.583mil","5968.504mil","3838.583mil","5968.504mil","3874.016mil","5968.504mil","T","180.00","22uF"
"C450","SMD_0805_CAPC2012X145N","3838.583mil","5889.764mil","3838.583mil","5889.764mil","3874.016mil","5889.764mil","T","180.00","22uF"
"C45","SMD_0805_CAPC2012X145N","3641.732mil","2165.354mil","3641.732mil","2165.354mil","3606.299mil","2165.354mil","T","0.00","22uF"
"C449","SMD_0805_CAPC2012X145N","4043.307mil","6204.724mil","4043.307mil","6204.724mil","4007.874mil","6204.724mil","T","0.00","22uF"
"C448","SMD_0805_CAPC2012X145N","4043.307mil","6283.465mil","4043.307mil","6283.465mil","4007.874mil","6283.465mil","T","0.00","22uF"
"C447","SMD_0805_CAPC2012X145N","4043.307mil","6047.244mil","4043.307mil","6047.244mil","4007.874mil","6047.244mil","T","0.00","22uF"
"C446","SMD_0805_CAPC2012X145N","4043.307mil","6125.984mil","4043.307mil","6125.984mil","4007.874mil","6125.984mil","T","0.00","22uF"
"C445","SMD_0805_CAPC2012X145N","4043.307mil","5968.504mil","4043.307mil","5968.504mil","4007.874mil","5968.504mil","T","0.00","22uF"
"C444","SMD_0805_CAPC2012X145N","4043.307mil","5889.764mil","4043.307mil","5889.764mil","4007.874mil","5889.764mil","T","0.00","22uF"
"C443","SMD_0805_CAPC2012X145N","472.121mil","6519.354mil","472.121mil","6519.354mil","507.554mil","6519.354mil","T","180.00","10uF"
"C442","SMD_0805_CAPC2012X145N","472.121mil","6598.094mil","472.121mil","6598.094mil","507.554mil","6598.094mil","T","180.00","10uF"
"C441","SMD_0805_CAPC2012X145N","472.121mil","6676.834mil","472.121mil","6676.834mil","507.554mil","6676.834mil","T","180.00","10uF"
"C440","SMD_0805_CAPC2012X145N","472.121mil","6755.574mil","472.121mil","6755.574mil","507.554mil","6755.574mil","T","180.00","10uF"
"C44","SMD_0805_CAPC2012X145N","3641.732mil","2086.614mil","3641.732mil","2086.614mil","3606.299mil","2086.614mil","T","0.00","22uF"
"C439","SMD_0805_CAPC2012X145N","1417.323mil","6677.165mil","1417.323mil","6677.165mil","1452.756mil","6677.165mil","T","180.00","10uF"
"C438","SMD_0805_CAPC2012X145N","1417.323mil","6755.905mil","1417.323mil","6755.905mil","1452.756mil","6755.905mil","T","180.00","10uF"
"C437","SMD_0805_CAPC2012X145N","1417.323mil","6519.685mil","1417.323mil","6519.685mil","1452.756mil","6519.685mil","T","180.00","10uF"
"C436","SMD_0805_CAPC2012X145N","1417.323mil","6598.425mil","1417.323mil","6598.425mil","1452.756mil","6598.425mil","T","180.00","10uF"
"C435","SMD_0805_CAPC2012X145N","2362.205mil","6677.165mil","2362.205mil","6677.165mil","2397.638mil","6677.165mil","T","180.00","10uF"
"C434","SMD_0805_CAPC2012X145N","2362.205mil","6755.905mil","2362.205mil","6755.905mil","2397.638mil","6755.905mil","T","180.00","10uF"
"C433","SMD_0805_CAPC2012X145N","2362.205mil","6519.685mil","2362.205mil","6519.685mil","2397.638mil","6519.685mil","T","180.00","10uF"
"C432","SMD_0805_CAPC2012X145N","2362.205mil","6598.425mil","2362.205mil","6598.425mil","2397.638mil","6598.425mil","T","180.00","10uF"
"C431","SMD_0805_CAPC2012X145N","3307.087mil","6677.165mil","3307.087mil","6677.165mil","3342.52mil","6677.165mil","T","180.00","10uF"
"C430","SMD_0805_CAPC2012X145N","3307.087mil","6755.905mil","3307.087mil","6755.905mil","3342.52mil","6755.905mil","T","180.00","10uF"
"C43","SMD_0805_CAPC2012X145N","3641.732mil","2244.095mil","3641.732mil","2244.095mil","3606.299mil","2244.095mil","T","0.00","22uF"
"C429","SMD_0805_CAPC2012X145N","3307.087mil","6519.685mil","3307.087mil","6519.685mil","3342.52mil","6519.685mil","T","180.00","10uF"
"C428","SMD_0805_CAPC2012X145N","3307.087mil","6598.425mil","3307.087mil","6598.425mil","3342.52mil","6598.425mil","T","180.00","10uF"
"C427","SMD_1210_CAPC3225X270N","3748.032mil","212.598mil","3748.032mil","212.598mil","3688.976mil","212.598mil","T","0.00","100uF"
"C425","SMD_1210_CAPC3225X270N","2803.15mil","212.598mil","2803.15mil","212.598mil","2744.095mil","212.598mil","T","0.00","100uF"
"C423","SMD_1210_CAPC3225X270N","1858.268mil","212.598mil","1858.268mil","212.598mil","1799.213mil","212.598mil","T","0.00","100uF"
"C421","SMD_1210_CAPC3225X270N","913.386mil","212.598mil","913.386mil","212.598mil","854.331mil","212.598mil","T","0.00","100uF"
"C42","SMD_0805_CAPC2012X145N","3641.732mil","2322.835mil","3641.732mil","2322.835mil","3606.299mil","2322.835mil","T","0.00","22uF"
"C407","SMD_1210_CAPC3225X270N","881.89mil","6716.535mil","881.89mil","6716.535mil","940.945mil","6716.535mil","T","180.00","100uF"
"C405","SMD_1210_CAPC3225X270N","1826.772mil","6716.535mil","1826.772mil","6716.535mil","1885.827mil","6716.535mil","T","180.00","100uF"
"C403","SMD_1210_CAPC3225X270N","2771.653mil","6716.535mil","2771.653mil","6716.535mil","2830.709mil","6716.535mil","T","180.00","100uF"
"C392","SMD_0805_CAPC2012X145N","4157.48mil","251.969mil","4157.48mil","251.969mil","4122.047mil","251.969mil","T","0.00","10uF"
"C391","SMD_0805_CAPC2012X145N","4157.48mil","173.228mil","4157.48mil","173.228mil","4122.047mil","173.228mil","T","0.00","10uF"
"C390","SMD_0805_CAPC2012X145N","4157.48mil","409.449mil","4157.48mil","409.449mil","4122.047mil","409.449mil","T","0.00","10uF"
"C389","SMD_0805_CAPC2012X145N","4157.48mil","330.709mil","4157.48mil","330.709mil","4122.047mil","330.709mil","T","0.00","10uF"
"C388","SMD_0805_CAPC2012X145N","3212.598mil","251.969mil","3212.598mil","251.969mil","3177.165mil","251.969mil","T","0.00","10uF"
"C387","SMD_0805_CAPC2012X145N","3212.598mil","173.228mil","3212.598mil","173.228mil","3177.165mil","173.228mil","T","0.00","10uF"
"C386","SMD_0805_CAPC2012X145N","3212.598mil","409.449mil","3212.598mil","409.449mil","3177.165mil","409.449mil","T","0.00","10uF"
"C385","SMD_0805_CAPC2012X145N","3212.598mil","330.709mil","3212.598mil","330.709mil","3177.165mil","330.709mil","T","0.00","10uF"
"C384","SMD_0805_CAPC2012X145N","2267.716mil","251.969mil","2267.716mil","251.969mil","2232.283mil","251.969mil","T","0.00","10uF"
"C383","SMD_0805_CAPC2012X145N","2267.716mil","173.228mil","2267.716mil","173.228mil","2232.283mil","173.228mil","T","0.00","10uF"
"C382","SMD_0805_CAPC2012X145N","2267.716mil","409.449mil","2267.716mil","409.449mil","2232.283mil","409.449mil","T","0.00","10uF"
"C381","SMD_0805_CAPC2012X145N","2267.716mil","330.709mil","2267.716mil","330.709mil","2232.283mil","330.709mil","T","0.00","10uF"
"C380","SMD_0805_CAPC2012X145N","1322.835mil","251.969mil","1322.835mil","251.969mil","1287.401mil","251.969mil","T","0.00","10uF"
"C379","SMD_0805_CAPC2012X145N","1322.835mil","173.228mil","1322.835mil","173.228mil","1287.401mil","173.228mil","T","0.00","10uF"
"C378","SMD_0805_CAPC2012X145N","1322.835mil","409.449mil","1322.835mil","409.449mil","1287.401mil","409.449mil","T","0.00","10uF"
"C377","SMD_0805_CAPC2012X145N","1322.835mil","330.709mil","1322.835mil","330.709mil","1287.401mil","330.709mil","T","0.00","10uF"
"C376","SMD_0805_CAPC2012X145N","3625.984mil","724.409mil","3625.984mil","724.409mil","3590.551mil","724.409mil","T","0.00","22uF"
"C375","SMD_0805_CAPC2012X145N","3625.984mil","645.669mil","3625.984mil","645.669mil","3590.551mil","645.669mil","T","0.00","22uF"
"C374","SMD_0805_CAPC2012X145N","3625.984mil","803.15mil","3625.984mil","803.15mil","3590.551mil","803.15mil","T","0.00","22uF"
"C373","SMD_0805_CAPC2012X145N","3625.984mil","881.89mil","3625.984mil","881.89mil","3590.551mil","881.89mil","T","0.00","22uF"
"C372","SMD_0805_CAPC2012X145N","3625.984mil","960.63mil","3625.984mil","960.63mil","3590.551mil","960.63mil","T","0.00","22uF"
"C371","SMD_0805_CAPC2012X145N","3625.984mil","1039.37mil","3625.984mil","1039.37mil","3590.551mil","1039.37mil","T","0.00","22uF"
"C370","SMD_0805_CAPC2012X145N","3421.26mil","724.409mil","3421.26mil","724.409mil","3456.693mil","724.409mil","T","180.00","22uF"
"C37","SMD_1210_CAPC3225X270N","3716.535mil","6586.614mil","3716.535mil","6586.614mil","3775.59mil","6586.614mil","T","180.00","100uF"
"C369","SMD_0805_CAPC2012X145N","3421.26mil","645.669mil","3421.26mil","645.669mil","3456.693mil","645.669mil","T","180.00","22uF"
"C368","SMD_0805_CAPC2012X145N","3421.26mil","881.89mil","3421.26mil","881.89mil","3456.693mil","881.89mil","T","180.00","22uF"
"C367","SMD_0805_CAPC2012X145N","3421.26mil","803.15mil","3421.26mil","803.15mil","3456.693mil","803.15mil","T","180.00","22uF"
"C366","SMD_0805_CAPC2012X145N","3421.26mil","960.63mil","3421.26mil","960.63mil","3456.693mil","960.63mil","T","180.00","22uF"
"C365","SMD_0805_CAPC2012X145N","3421.26mil","1039.37mil","3421.26mil","1039.37mil","3456.693mil","1039.37mil","T","180.00","22uF"
"C364","SMD_0805_CAPC2012X145N","2681.102mil","724.409mil","2681.102mil","724.409mil","2645.669mil","724.409mil","T","0.00","22uF"
"C363","SMD_0805_CAPC2012X145N","2681.102mil","645.669mil","2681.102mil","645.669mil","2645.669mil","645.669mil","T","0.00","22uF"
"C362","SMD_0805_CAPC2012X145N","2681.102mil","803.15mil","2681.102mil","803.15mil","2645.669mil","803.15mil","T","0.00","22uF"
"C361","SMD_0805_CAPC2012X145N","2681.102mil","881.89mil","2681.102mil","881.89mil","2645.669mil","881.89mil","T","0.00","22uF"
"C360","SMD_0805_CAPC2012X145N","2681.102mil","960.63mil","2681.102mil","960.63mil","2645.669mil","960.63mil","T","0.00","22uF"
"C36","SMD_0805_CAPC2012X145N","3641.732mil","2401.575mil","3641.732mil","2401.575mil","3606.299mil","2401.575mil","T","0.00","22uF"
"C359","SMD_0805_CAPC2012X145N","2681.102mil","1039.37mil","2681.102mil","1039.37mil","2645.669mil","1039.37mil","T","0.00","22uF"
"C358","SMD_0805_CAPC2012X145N","2476.378mil","724.409mil","2476.378mil","724.409mil","2511.811mil","724.409mil","T","180.00","22uF"
"C357","SMD_0805_CAPC2012X145N","2476.378mil","645.669mil","2476.378mil","645.669mil","2511.811mil","645.669mil","T","180.00","22uF"
"C356","SMD_0805_CAPC2012X145N","2476.378mil","881.89mil","2476.378mil","881.89mil","2511.811mil","881.89mil","T","180.00","22uF"
"C355","SMD_0805_CAPC2012X145N","2476.378mil","803.15mil","2476.378mil","803.15mil","2511.811mil","803.15mil","T","180.00","22uF"
"C354","SMD_0805_CAPC2012X145N","2476.378mil","960.63mil","2476.378mil","960.63mil","2511.811mil","960.63mil","T","180.00","22uF"
"C353","SMD_0805_CAPC2012X145N","2476.378mil","1039.37mil","2476.378mil","1039.37mil","2511.811mil","1039.37mil","T","180.00","22uF"
"C349","SMD_1210_CAPC3225X270N","3716.535mil","6716.535mil","3716.535mil","6716.535mil","3775.59mil","6716.535mil","T","180.00","100uF"
"C347","SMD_0603_CAPC1608X95N","4098.425mil","1874.016mil","4098.425mil","1874.016mil","4066.929mil","1874.016mil","T","0.00","1uF"
"C346","SMD_0805_CAPC2012X145N","1736.22mil","724.409mil","1736.22mil","724.409mil","1700.787mil","724.409mil","T","0.00","22uF"
"C345","SMD_0805_CAPC2012X145N","1736.22mil","645.669mil","1736.22mil","645.669mil","1700.787mil","645.669mil","T","0.00","22uF"
"C344","SMD_0805_CAPC2012X145N","1736.22mil","803.15mil","1736.22mil","803.15mil","1700.787mil","803.15mil","T","0.00","22uF"
"C343","SMD_0805_CAPC2012X145N","1736.22mil","881.89mil","1736.22mil","881.89mil","1700.787mil","881.89mil","T","0.00","22uF"
"C342","SMD_0805_CAPC2012X145N","1736.22mil","960.63mil","1736.22mil","960.63mil","1700.787mil","960.63mil","T","0.00","22uF"
"C341","SMD_0805_CAPC2012X145N","1736.22mil","1039.37mil","1736.22mil","1039.37mil","1700.787mil","1039.37mil","T","0.00","22uF"
"C340","SMD_0805_CAPC2012X145N","1531.496mil","724.409mil","1531.496mil","724.409mil","1566.929mil","724.409mil","T","180.00","22uF"
"C339","SMD_0805_CAPC2012X145N","1531.496mil","645.669mil","1531.496mil","645.669mil","1566.929mil","645.669mil","T","180.00","22uF"
"C338","SMD_0805_CAPC2012X145N","1531.496mil","881.89mil","1531.496mil","881.89mil","1566.929mil","881.89mil","T","180.00","22uF"
"C337","SMD_0805_CAPC2012X145N","1531.496mil","803.15mil","1531.496mil","803.15mil","1566.929mil","803.15mil","T","180.00","22uF"
"C336","SMD_0805_CAPC2012X145N","1531.496mil","960.63mil","1531.496mil","960.63mil","1566.929mil","960.63mil","T","180.00","22uF"
"C335","SMD_0805_CAPC2012X145N","1531.496mil","1039.37mil","1531.496mil","1039.37mil","1566.929mil","1039.37mil","T","180.00","22uF"
"C334","SMD_0805_CAPC2012X145N","791.339mil","724.409mil","791.339mil","724.409mil","755.905mil","724.409mil","T","0.00","22uF"
"C333","SMD_0805_CAPC2012X145N","791.339mil","645.669mil","791.339mil","645.669mil","755.905mil","645.669mil","T","0.00","22uF"
"C332","SMD_0805_CAPC2012X145N","791.339mil","803.15mil","791.339mil","803.15mil","755.905mil","803.15mil","T","0.00","22uF"
"C331","SMD_0805_CAPC2012X145N","791.339mil","881.89mil","791.339mil","881.89mil","755.905mil","881.89mil","T","0.00","22uF"
"C330","SMD_0805_CAPC2012X145N","791.339mil","960.63mil","791.339mil","960.63mil","755.905mil","960.63mil","T","0.00","22uF"
"C329","SMD_0805_CAPC2012X145N","791.339mil","1039.37mil","791.339mil","1039.37mil","755.905mil","1039.37mil","T","0.00","22uF"
"C328","SMD_0805_CAPC2012X145N","586.614mil","724.409mil","586.614mil","724.409mil","622.047mil","724.409mil","T","180.00","22uF"
"C327","SMD_0805_CAPC2012X145N","586.614mil","645.669mil","586.614mil","645.669mil","622.047mil","645.669mil","T","180.00","22uF"
"C326","SMD_0805_CAPC2012X145N","586.614mil","881.89mil","586.614mil","881.89mil","622.047mil","881.89mil","T","180.00","22uF"
"C325","SMD_0805_CAPC2012X145N","586.614mil","803.15mil","586.614mil","803.15mil","622.047mil","803.15mil","T","180.00","22uF"
"C324","SMD_0805_CAPC2012X145N","586.614mil","960.63mil","586.614mil","960.63mil","622.047mil","960.63mil","T","180.00","22uF"
"C323","SMD_0805_CAPC2012X145N","586.614mil","1039.37mil","586.614mil","1039.37mil","622.047mil","1039.37mil","T","180.00","22uF"
"C322","SMD_0603_CAPC1608X95N","1472.441mil","3673.228mil","1472.441mil","3673.228mil","1472.441mil","3641.732mil","T","90.00","100nF"
"C32","SMD_1210_CAPC3225X270N","913.386mil","342.52mil","913.386mil","342.52mil","854.331mil","342.52mil","T","0.00","100uF"
"C315","SMD_0603_CAPC1608X95N","1472.441mil","3173.228mil","1472.441mil","3173.228mil","1472.441mil","3204.724mil","T","270.00","100nF"
"C31","SMD_0805_CAPC2012X145N","3641.732mil","2480.315mil","3641.732mil","2480.315mil","3606.299mil","2480.315mil","T","0.00","22uF"
"C309","SMD_0603_CAPC1608X95N","669.291mil","3771.654mil","669.291mil","3771.654mil","669.291mil","3740.157mil","T","90.00","100nF"
"C307","SMD_0603_CAPC1608X95N","2905.512mil","3771.654mil","2905.512mil","3771.654mil","2905.512mil","3740.157mil","T","90.00","100nF"
"C306","SMD_0603_CAPC1608X95N","2842.52mil","3157.48mil","2842.52mil","3157.48mil","2842.52mil","3188.976mil","T","270.00","100nF"
"C305","SMD_0603_CAPC1608X95N","1094.488mil","3771.654mil","1094.488mil","3771.654mil","1094.488mil","3740.157mil","T","90.00","100nF"
"C304","SMD_0603_CAPC1608X95N","1031.496mil","3157.48mil","1031.496mil","3157.48mil","1031.496mil","3188.976mil","T","270.00","100nF"
"C303","SMD_0603_CAPC1608X95N","2480.315mil","3771.654mil","2480.315mil","3771.654mil","2480.315mil","3740.157mil","T","90.00","100nF"
"C30","SMD_0805_CAPC2012X145N","3637.795mil","4527.559mil","3637.795mil","4527.559mil","3602.362mil","4527.559mil","T","0.00","22uF"
"C3","SMD_0603_CAPC1608X95N","3964.567mil","4303.15mil","3964.567mil","4303.15mil","3996.063mil","4303.15mil","T","180.00","1nF"
"C294","SMD_0603_CAPC1608X95N","1157.48mil","3157.48mil","1157.48mil","3157.48mil","1157.48mil","3188.976mil","T","270.00","100nF"
"C293","SMD_0603_CAPC1608X95N","968.504mil","3771.654mil","968.504mil","3771.654mil","968.504mil","3740.157mil","T","90.00","100nF"
"C291","SMD_0603_CAPC1608X95N","2968.504mil","3157.48mil","2968.504mil","3157.48mil","2968.504mil","3188.976mil","T","270.00","100nF"
"C29","SMD_0603_CAPC1608X95N","3685.039mil","6492.126mil","3685.039mil","6492.126mil","3716.535mil","6492.126mil","T","180.00","220nF"
"C289","SMD_0603_CAPC1608X95N","2779.528mil","3771.654mil","2779.528mil","3771.654mil","2779.528mil","3740.157mil","T","90.00","100nF"
"C28","SMD_0603_CAPC1608X95N","944.882mil","437.008mil","944.882mil","437.008mil","913.386mil","437.008mil","T","0.00","220nF"
"C27","SMD_0805_CAPC2012X145N","3637.795mil","4448.819mil","3637.795mil","4448.819mil","3602.362mil","4448.819mil","T","0.00","22uF"
"C26","SMD_0805_CAPC2012X145N","3637.795mil","4606.299mil","3637.795mil","4606.299mil","3602.362mil","4606.299mil","T","0.00","22uF"
"C25","SMD_0402_CAPC1005X55N","3909.449mil","6362.205mil","3909.449mil","6362.205mil","3909.449mil","6379.921mil","T","270.00","100nF"
"C24","SMD_0402_CAPC1005X55N","720.472mil","566.929mil","720.472mil","566.929mil","720.472mil","549.213mil","T","90.00","100nF"
"C232","SMD_0603_CAPC1608X95N","3933.071mil","3011.811mil","3933.071mil","3011.811mil","3964.567mil","3011.811mil","T","180.00","100nF"
"C231","SMD_0805_CAPC2012X145N","3940.945mil","3086.614mil","3940.945mil","3086.614mil","3976.378mil","3086.614mil","T","180.00","22uF"
"C23","SMD_0805_CAPC2012X145N","3637.795mil","4685.039mil","3637.795mil","4685.039mil","3602.362mil","4685.039mil","T","0.00","22uF"
"C22","SMD_0805_CAPC2012X145N","3637.795mil","4763.779mil","3637.795mil","4763.779mil","3602.362mil","4763.779mil","T","0.00","22uF"
"C21","SMD_0603_CAPC1608X95N","3909.449mil","6460.63mil","3909.449mil","6460.63mil","3909.449mil","6492.126mil","T","270.00","10uF"
"C20","SMD_0603_CAPC1608X95N","720.472mil","468.504mil","720.472mil","468.504mil","720.472mil","437.008mil","T","90.00","10uF"
"C2","SMD_0603_CAPC1608X95N","4633.858mil","4086.614mil","4633.858mil","4086.614mil","4633.858mil","4055.118mil","T","90.00","10uF"
"C19","SMD_0805_CAPC2012X145N","3637.795mil","4842.52mil","3637.795mil","4842.52mil","3602.362mil","4842.52mil","T","0.00","22uF"
"C180","SMD_0805_CAPC2012X145N","2086.614mil","2559.055mil","2086.614mil","2559.055mil","2122.047mil","2559.055mil","T","180.00","22uF"
"C179","SMD_0805_CAPC2012X145N","2086.614mil","2637.795mil","2086.614mil","2637.795mil","2122.047mil","2637.795mil","T","180.00","22uF"
"C178","SMD_0805_CAPC2012X145N","4043.307mil","5259.842mil","4043.307mil","5259.842mil","4078.74mil","5259.842mil","T","180.00","22uF"
"C177","SMD_0805_CAPC2012X145N","4043.307mil","5338.583mil","4043.307mil","5338.583mil","4078.74mil","5338.583mil","T","180.00","22uF"
"C176","SMD_0805_CAPC2012X145N","2086.614mil","2480.315mil","2086.614mil","2480.315mil","2122.047mil","2480.315mil","T","180.00","22uF"
"C175","SMD_0805_CAPC2012X145N","2086.614mil","2401.575mil","2086.614mil","2401.575mil","2122.047mil","2401.575mil","T","180.00","22uF"
"C174","SMD_0805_CAPC2012X145N","2086.614mil","2322.835mil","2086.614mil","2322.835mil","2122.047mil","2322.835mil","T","180.00","22uF"
"C173","SMD_0805_CAPC2012X145N","2086.614mil","2244.095mil","2086.614mil","2244.095mil","2122.047mil","2244.095mil","T","180.00","22uF"
"C172","SMD_0805_CAPC2012X145N","2086.614mil","3031.496mil","2086.614mil","3031.496mil","2122.047mil","3031.496mil","T","180.00","22uF"
"C171","SMD_0805_CAPC2012X145N","2086.614mil","3110.236mil","2086.614mil","3110.236mil","2122.047mil","3110.236mil","T","180.00","22uF"
"C170","SMD_0805_CAPC2012X145N","2086.614mil","2952.756mil","2086.614mil","2952.756mil","2122.047mil","2952.756mil","T","180.00","22uF"
"C17","SMD_0603_CAPC1608X95N","3929.134mil","2728.347mil","3929.134mil","2728.347mil","3960.63mil","2728.347mil","T","180.00","100nF"
"C169","SMD_0805_CAPC2012X145N","2086.614mil","2874.016mil","2086.614mil","2874.016mil","2122.047mil","2874.016mil","T","180.00","22uF"
"C167","SMD_0805_CAPC2012X145N","2086.614mil","2795.276mil","2086.614mil","2795.276mil","2122.047mil","2795.276mil","T","180.00","22uF"
"C166","SMD_0805_CAPC2012X145N","2086.614mil","2716.535mil","2086.614mil","2716.535mil","2122.047mil","2716.535mil","T","180.00","22uF"
"C16","SMD_0805_CAPC2012X145N","3925.197mil","2803.15mil","3925.197mil","2803.15mil","3960.63mil","2803.15mil","T","180.00","22uF"
"C155","SMD_0805_CAPC2012X145N","1850.394mil","2322.835mil","1850.394mil","2322.835mil","1814.961mil","2322.835mil","T","0.00","22uF"
"C154","SMD_0805_CAPC2012X145N","1850.394mil","2244.095mil","1850.394mil","2244.095mil","1814.961mil","2244.095mil","T","0.00","22uF"
"C153","SMD_0805_CAPC2012X145N","1850.394mil","2401.575mil","1850.394mil","2401.575mil","1814.961mil","2401.575mil","T","0.00","22uF"
"C152","SMD_0805_CAPC2012X145N","4043.307mil","5181.102mil","4043.307mil","5181.102mil","4078.74mil","5181.102mil","T","180.00","22uF"
"C151","SMD_0805_CAPC2012X145N","4043.307mil","5102.362mil","4043.307mil","5102.362mil","4078.74mil","5102.362mil","T","180.00","22uF"
"C150","SMD_0805_CAPC2012X145N","4043.307mil","5023.622mil","4043.307mil","5023.622mil","4078.74mil","5023.622mil","T","180.00","22uF"
"C15","SMD_0603_CAPC1608X95N","4188.976mil","2244.095mil","4188.976mil","2244.095mil","4220.472mil","2244.095mil","T","180.00","10uF"
"C149","SMD_0805_CAPC2012X145N","4043.307mil","4944.882mil","4043.307mil","4944.882mil","4078.74mil","4944.882mil","T","180.00","22uF"
"C148","SMD_0805_CAPC2012X145N","1850.394mil","2480.315mil","1850.394mil","2480.315mil","1814.961mil","2480.315mil","T","0.00","22uF"
"C147","SMD_0805_CAPC2012X145N","1850.394mil","2559.055mil","1850.394mil","2559.055mil","1814.961mil","2559.055mil","T","0.00","22uF"
"C146","SMD_0805_CAPC2012X145N","1850.394mil","2637.795mil","1850.394mil","2637.795mil","1814.961mil","2637.795mil","T","0.00","22uF"
"C145","SMD_0805_CAPC2012X145N","1850.394mil","2795.276mil","1850.394mil","2795.276mil","1814.961mil","2795.276mil","T","0.00","22uF"
"C144","SMD_0805_CAPC2012X145N","1850.394mil","2716.535mil","1850.394mil","2716.535mil","1814.961mil","2716.535mil","T","0.00","22uF"
"C143","SMD_0805_CAPC2012X145N","1850.394mil","2874.016mil","1850.394mil","2874.016mil","1814.961mil","2874.016mil","T","0.00","22uF"
"C142","SMD_0805_CAPC2012X145N","1850.394mil","2952.756mil","1850.394mil","2952.756mil","1814.961mil","2952.756mil","T","0.00","22uF"
"C141","SMD_0805_CAPC2012X145N","1850.394mil","3031.496mil","1850.394mil","3031.496mil","1814.961mil","3031.496mil","T","0.00","22uF"
"C140","SMD_0805_CAPC2012X145N","1850.394mil","3110.236mil","1850.394mil","3110.236mil","1814.961mil","3110.236mil","T","0.00","22uF"
"C14","SMD_0805_CAPC2012X145N","4106.299mil","1803.15mil","4106.299mil","1803.15mil","4070.866mil","1803.15mil","T","0.00","22uF"
"C139","SMD_0805_CAPC2012X145N","2086.614mil","4606.299mil","2086.614mil","4606.299mil","2122.047mil","4606.299mil","T","180.00","22uF"
"C138","SMD_0805_CAPC2012X145N","2086.614mil","4685.039mil","2086.614mil","4685.039mil","2122.047mil","4685.039mil","T","180.00","22uF"
"C133","SMD_1210_CAPC3225X270N","881.89mil","6586.614mil","881.89mil","6586.614mil","940.945mil","6586.614mil","T","180.00","100uF"
"C13","SMD_1210_CAPC3225X279N","4129.921mil","1692.913mil","4129.921mil","1692.913mil","4188.976mil","1692.913mil","T","180.00","220uF"
"C128","SMD_1210_CAPC3225X270N","3748.032mil","342.52mil","3748.032mil","342.52mil","3688.976mil","342.52mil","T","0.00","100uF"
"C127","SMD_0805_CAPC2012X145N","2086.614mil","4527.559mil","2086.614mil","4527.559mil","2122.047mil","4527.559mil","T","180.00","22uF"
"C126","SMD_0805_CAPC2012X145N","2086.614mil","4448.819mil","2086.614mil","4448.819mil","2122.047mil","4448.819mil","T","180.00","22uF"
"C125","SMD_0603_CAPC1608X95N","850.394mil","6492.126mil","850.394mil","6492.126mil","881.89mil","6492.126mil","T","180.00","220nF"
"C124","SMD_0603_CAPC1608X95N","3779.528mil","437.008mil","3779.528mil","437.008mil","3748.031mil","437.008mil","T","0.00","220nF"
"C123","SMD_0805_CAPC2012X145N","2086.614mil","4370.079mil","2086.614mil","4370.079mil","2122.047mil","4370.079mil","T","180.00","22uF"
"C122","SMD_0805_CAPC2012X145N","2086.614mil","4291.339mil","2086.614mil","4291.339mil","2122.047mil","4291.339mil","T","180.00","22uF"
"C121","SMD_0402_CAPC1005X55N","1074.803mil","6362.205mil","1074.803mil","6362.205mil","1074.803mil","6379.921mil","T","270.00","100nF"
"C120","SMD_0402_CAPC1005X55N","3555.118mil","566.929mil","3555.118mil","566.929mil","3555.118mil","549.213mil","T","90.00","100nF"
"C12","SMD_0603_CAPC1608X95N","4374.016mil","2307.087mil","4374.016mil","2307.087mil","4342.52mil","2307.087mil","T","0.00","10uF"
"C119","SMD_0805_CAPC2012X145N","2086.614mil","4133.858mil","2086.614mil","4133.858mil","2122.047mil","4133.858mil","T","180.00","22uF"
"C118","SMD_0805_CAPC2012X145N","2086.614mil","4212.598mil","2086.614mil","4212.598mil","2122.047mil","4212.598mil","T","180.00","22uF"
"C117","SMD_0603_CAPC1608X95N","1074.803mil","6460.63mil","1074.803mil","6460.63mil","1074.803mil","6492.126mil","T","270.00","10uF"
"C116","SMD_0603_CAPC1608X95N","3555.118mil","468.504mil","3555.118mil","468.504mil","3555.118mil","437.008mil","T","90.00","10uF"
"C115","SMD_0805_CAPC2012X145N","2086.614mil","4055.118mil","2086.614mil","4055.118mil","2122.047mil","4055.118mil","T","180.00","22uF"
"C114","SMD_0805_CAPC2012X145N","2086.614mil","3976.378mil","2086.614mil","3976.378mil","2122.047mil","3976.378mil","T","180.00","22uF"
"C113","SMD_0805_CAPC2012X145N","2086.614mil","3897.638mil","2086.614mil","3897.638mil","2122.047mil","3897.638mil","T","180.00","22uF"
"C112","SMD_0805_CAPC2012X145N","2086.614mil","3818.898mil","2086.614mil","3818.898mil","2122.047mil","3818.898mil","T","180.00","22uF"
"C111","SMD_0805_CAPC2012X145N","1850.394mil","3897.638mil","1850.394mil","3897.638mil","1814.961mil","3897.638mil","T","0.00","22uF"
"C110","SMD_0805_CAPC2012X145N","1850.394mil","3818.898mil","1850.394mil","3818.898mil","1814.961mil","3818.898mil","T","0.00","22uF"
"C11","SMD_0603_CAPC1608X95N","4287.402mil","3700.787mil","4287.402mil","3700.787mil","4255.905mil","3700.787mil","T","0.00","18pF"
"C109","SMD_0805_CAPC2012X145N","1850.394mil","3976.378mil","1850.394mil","3976.378mil","1814.961mil","3976.378mil","T","0.00","22uF"
"C108","SMD_0805_CAPC2012X145N","1850.394mil","4055.118mil","1850.394mil","4055.118mil","1814.961mil","4055.118mil","T","0.00","22uF"
"C1071","SMD_0805_CAPC2012X145N","3110.236mil","1708.661mil","3110.236mil","1708.661mil","3110.236mil","1673.228mil","T","90.00","22uF"
"C107","SMD_0805_CAPC2012X145N","1850.394mil","4133.858mil","1850.394mil","4133.858mil","1814.961mil","4133.858mil","T","0.00","22uF"
"C1069","SMD_0805_CAPC2012X145N","3188.976mil","1708.661mil","3188.976mil","1708.661mil","3188.976mil","1673.228mil","T","90.00","22uF"
"C1068","SMD_0805_CAPC2012X145N","3188.976mil","5220.472mil","3188.976mil","5220.472mil","3188.976mil","5255.905mil","T","270.00","22uF"
"C1066","SMD_0805_CAPC2012X145N","3110.236mil","5220.472mil","3110.236mil","5220.472mil","3110.236mil","5255.905mil","T","270.00","22uF"
"C1065","SMD_0805_CAPC2012X145N","2716.535mil","5220.472mil","2716.535mil","5220.472mil","2716.535mil","5255.905mil","T","270.00","22uF"
"C1063","SMD_0805_CAPC2012X145N","2637.795mil","5220.472mil","2637.795mil","5220.472mil","2637.795mil","5255.905mil","T","270.00","22uF"
"C1062","SMD_0805_CAPC2012X145N","2795.276mil","5220.472mil","2795.276mil","5220.472mil","2795.276mil","5255.905mil","T","270.00","22uF"
"C1060","SMD_0805_CAPC2012X145N","2874.016mil","5220.472mil","2874.016mil","5220.472mil","2874.016mil","5255.905mil","T","270.00","22uF"
"C106","SMD_0805_CAPC2012X145N","1850.394mil","4212.598mil","1850.394mil","4212.598mil","1814.961mil","4212.598mil","T","0.00","22uF"
"C1059","SMD_0805_CAPC2012X145N","3031.496mil","5220.472mil","3031.496mil","5220.472mil","3031.496mil","5255.905mil","T","270.00","22uF"
"C1057","SMD_0805_CAPC2012X145N","2952.756mil","5220.472mil","2952.756mil","5220.472mil","2952.756mil","5255.905mil","T","270.00","22uF"
"C1056","SMD_0805_CAPC2012X145N","2244.095mil","5220.472mil","2244.095mil","5220.472mil","2244.095mil","5255.905mil","T","270.00","22uF"
"C1054","SMD_0805_CAPC2012X145N","2165.354mil","5220.472mil","2165.354mil","5220.472mil","2165.354mil","5255.905mil","T","270.00","22uF"
"C1053","SMD_0805_CAPC2012X145N","2322.835mil","5220.472mil","2322.835mil","5220.472mil","2322.835mil","5255.905mil","T","270.00","22uF"
"C1051","SMD_0805_CAPC2012X145N","2401.575mil","5220.472mil","2401.575mil","5220.472mil","2401.575mil","5255.905mil","T","270.00","22uF"
"C1050","SMD_0805_CAPC2012X145N","2559.055mil","5220.472mil","2559.055mil","5220.472mil","2559.055mil","5255.905mil","T","270.00","22uF"
"C1048","SMD_0805_CAPC2012X145N","2480.315mil","5220.472mil","2480.315mil","5220.472mil","2480.315mil","5255.905mil","T","270.00","22uF"
"C1047","SMD_0805_CAPC2012X145N","1771.653mil","5220.472mil","1771.653mil","5220.472mil","1771.653mil","5255.905mil","T","270.00","22uF"
"C1045","SMD_0805_CAPC2012X145N","1692.913mil","5220.472mil","1692.913mil","5220.472mil","1692.913mil","5255.905mil","T","270.00","22uF"
"C1044","SMD_0805_CAPC2012X145N","1850.394mil","5220.472mil","1850.394mil","5220.472mil","1850.394mil","5255.905mil","T","270.00","22uF"
"C1042","SMD_0805_CAPC2012X145N","1929.134mil","5220.472mil","1929.134mil","5220.472mil","1929.134mil","5255.905mil","T","270.00","22uF"
"C1041","SMD_0805_CAPC2012X145N","2086.614mil","5220.472mil","2086.614mil","5220.472mil","2086.614mil","5255.905mil","T","270.00","22uF"
"C1039","SMD_0805_CAPC2012X145N","2007.874mil","5220.472mil","2007.874mil","5220.472mil","2007.874mil","5255.905mil","T","270.00","22uF"
"C1038","SMD_0805_CAPC2012X145N","1299.213mil","5220.472mil","1299.213mil","5220.472mil","1299.213mil","5255.905mil","T","270.00","22uF"
"C1036","SMD_0805_CAPC2012X145N","1220.472mil","5220.472mil","1220.472mil","5220.472mil","1220.472mil","5255.905mil","T","270.00","22uF"
"C1035","SMD_0805_CAPC2012X145N","1377.953mil","5220.472mil","1377.953mil","5220.472mil","1377.953mil","5255.905mil","T","270.00","22uF"
"C1033","SMD_0805_CAPC2012X145N","1456.693mil","5220.472mil","1456.693mil","5220.472mil","1456.693mil","5255.905mil","T","270.00","22uF"
"C1032","SMD_0805_CAPC2012X145N","1614.173mil","5220.472mil","1614.173mil","5220.472mil","1614.173mil","5255.905mil","T","270.00","22uF"
"C1030","SMD_0805_CAPC2012X145N","1535.433mil","5220.472mil","1535.433mil","5220.472mil","1535.433mil","5255.905mil","T","270.00","22uF"
"C1029","SMD_0805_CAPC2012X145N","826.772mil","5220.472mil","826.772mil","5220.472mil","826.772mil","5255.905mil","T","270.00","22uF"
"C1027","SMD_0805_CAPC2012X145N","748.032mil","5220.472mil","748.032mil","5220.472mil","748.032mil","5255.905mil","T","270.00","22uF"
"C1026","SMD_0805_CAPC2012X145N","905.512mil","5220.472mil","905.512mil","5220.472mil","905.512mil","5255.905mil","T","270.00","22uF"
"C1024","SMD_0805_CAPC2012X145N","984.252mil","5220.472mil","984.252mil","5220.472mil","984.252mil","5255.905mil","T","270.00","22uF"
"C1023","SMD_0805_CAPC2012X145N","1141.732mil","5220.472mil","1141.732mil","5220.472mil","1141.732mil","5255.905mil","T","270.00","22uF"
"C1021","SMD_0805_CAPC2012X145N","1062.992mil","5220.472mil","1062.992mil","5220.472mil","1062.992mil","5255.905mil","T","270.00","22uF"
"C1020","SMD_0805_CAPC2012X145N","2952.756mil","1708.661mil","2952.756mil","1708.661mil","2952.756mil","1673.228mil","T","90.00","22uF"
"C1018","SMD_0805_CAPC2012X145N","3031.496mil","1708.661mil","3031.496mil","1708.661mil","3031.496mil","1673.228mil","T","90.00","22uF"
"C1017","SMD_0805_CAPC2012X145N","2874.016mil","1708.661mil","2874.016mil","1708.661mil","2874.016mil","1673.228mil","T","90.00","22uF"
"C1015","SMD_0805_CAPC2012X145N","2795.276mil","1708.661mil","2795.276mil","1708.661mil","2795.276mil","1673.228mil","T","90.00","22uF"
"C1014","SMD_0805_CAPC2012X145N","2637.795mil","1708.661mil","2637.795mil","1708.661mil","2637.795mil","1673.228mil","T","90.00","22uF"
"C1012","SMD_0805_CAPC2012X145N","2716.535mil","1708.661mil","2716.535mil","1708.661mil","2716.535mil","1673.228mil","T","90.00","22uF"
"C1011","SMD_0805_CAPC2012X145N","2480.315mil","1708.661mil","2480.315mil","1708.661mil","2480.315mil","1673.228mil","T","90.00","22uF"
"C101","SMD_1210_CAPC3225X270N","1826.772mil","6586.614mil","1826.772mil","6586.614mil","1885.827mil","6586.614mil","T","180.00","100uF"
"C1009","SMD_0805_CAPC2012X145N","2559.055mil","1708.661mil","2559.055mil","1708.661mil","2559.055mil","1673.228mil","T","90.00","22uF"
"C1008","SMD_0805_CAPC2012X145N","2401.575mil","1708.661mil","2401.575mil","1708.661mil","2401.575mil","1673.228mil","T","90.00","22uF"
"C1006","SMD_0805_CAPC2012X145N","2322.835mil","1708.661mil","2322.835mil","1708.661mil","2322.835mil","1673.228mil","T","90.00","22uF"
"C1005","SMD_0805_CAPC2012X145N","3637.795mil","4133.858mil","3637.795mil","4133.858mil","3673.228mil","4133.858mil","T","180.00","22uF"
"C1003","SMD_0805_CAPC2012X145N","2165.354mil","1708.661mil","2165.354mil","1708.661mil","2165.354mil","1673.228mil","T","90.00","22uF"
"C1002","SMD_0805_CAPC2012X145N","2244.095mil","1708.661mil","2244.095mil","1708.661mil","2244.095mil","1673.228mil","T","90.00","22uF"
"C1000","SMD_0805_CAPC2012X145N","2007.874mil","1708.661mil","2007.874mil","1708.661mil","2007.874mil","1673.228mil","T","90.00","22uF"
"C10","SMD_0603_CAPC1608X95N","4161.417mil","3700.787mil","4161.417mil","3700.787mil","4192.913mil","3700.787mil","T","180.00","18pF"
"C1","SMD_0603_CAPC1608X95N","4338.583mil","2913.386mil","4338.583mil","2913.386mil","4338.583mil","2944.882mil","T","270.00","10uF"

